Slot Name,cpm,Price Points,Encoded Price Points,Slot Size,Create Date
m320x50,0.01,m320x50p1,1qugqgw,320x50,09/16/2020
m320x50,0.02,m320x50p2,9kmozk,320x50,09/16/2020
m320x50,0.03,m320x50p3,1936pz4,320x50,09/16/2020
m320x50,0.04,m320x50p4,ig9p8g,320x50,09/16/2020
m320x50,0.05,m320x50p5,1hytq80,320x50,09/16/2020
m320x50,0.06,m320x50p6,ozoqo,320x50,09/16/2020
m320x50,0.07,m320x50p7,107jpq8,320x50,09/16/2020
m320x50,0.08,m320x50p8,vrq7ls,320x50,09/16/2020
m320x50,0.09,m320x50p9,1vaa8lc,320x50,09/16/2020
m320x50,0.1,m320x50p10,e0g740,320x50,09/16/2020
m320x50,0.11,m320x50p11,1dj083k,320x50,09/16/2020
m320x50,0.12,m320x50p12,mw37cw,320x50,09/16/2020
m320x50,0.13,m320x50p13,1men8cg,320x50,09/16/2020
m320x50,0.14,m320x50p14,54t6v4,320x50,09/16/2020
m320x50,0.15,m320x50p15,14nd7uo,320x50,09/16/2020
m320x50,0.16,m320x50p16,tjtgjk,320x50,09/16/2020
m320x50,0.17,m320x50p17,1t2dhj4,320x50,09/16/2020
m320x50,0.18,m320x50p18,bsjg1s,320x50,09/16/2020
m320x50,0.19,m320x50p19,1bb3h1c,320x50,09/16/2020
m320x50,0.2,m320x50p20,ko6gao,320x50,09/16/2020
m320x50,0.21,m320x50p21,1k6qha8,320x50,09/16/2020
m320x50,0.22,m320x50p22,2wwfsw,320x50,09/16/2020
m320x50,0.23,m320x50p23,12fggsg,320x50,09/16/2020
m320x50,0.24,m320x50p24,xzmyo0,320x50,09/16/2020
m320x50,0.25,m320x50p25,1xi6znk,320x50,09/16/2020
m320x50,0.26,m320x50p26,g8cy68,320x50,09/16/2020
m320x50,0.27,m320x50p27,1fqwz5s,320x50,09/16/2020
m320x50,0.28,m320x50p28,p3zyf4,320x50,09/16/2020
m320x50,0.29,m320x50p29,1omjzeo,320x50,09/16/2020
m320x50,0.3,m320x50p30,7cpxxc,320x50,09/16/2020
m320x50,0.31,m320x50p31,16v9yww,320x50,09/16/2020
m320x50,0.32,m320x50p32,sfv30g,320x50,09/16/2020
m320x50,0.33,m320x50p33,1ryf400,320x50,09/16/2020
m320x50,0.34,m320x50p34,aol2io,320x50,09/16/2020
m320x50,0.35,m320x50p35,1a753i8,320x50,09/16/2020
m320x50,0.36,m320x50p36,jk82rk,320x50,09/16/2020
m320x50,0.37,m320x50p37,1j2s3r4,320x50,09/16/2020
m320x50,0.38,m320x50p38,1sy29s,320x50,09/16/2020
m320x50,0.39,m320x50p39,11bi39c,320x50,09/16/2020
m320x50,0.4,m320x50p40,wvol4w,320x50,09/16/2020
m320x50,0.41,m320x50p41,1we8m4g,320x50,09/16/2020
m320x50,0.42,m320x50p42,f4ekn4,320x50,09/16/2020
m320x50,0.43,m320x50p43,1emylmo,320x50,09/16/2020
m320x50,0.44,m320x50p44,o01kw0,320x50,09/16/2020
m320x50,0.45,m320x50p45,1nillvk,320x50,09/16/2020
m320x50,0.46,m320x50p46,68rke8,320x50,09/16/2020
m320x50,0.47,m320x50p47,15rblds,320x50,09/16/2020
m320x50,0.48,m320x50p48,unru2o,320x50,09/16/2020
m320x50,0.49,m320x50p49,1u6bv28,320x50,09/16/2020
m320x50,0.5,m320x50p50,cwhtkw,320x50,09/16/2020
m320x50,0.51,m320x50p51,1cf1ukg,320x50,09/16/2020
m320x50,0.52,m320x50p52,ls4tts,320x50,09/16/2020
m320x50,0.53,m320x50p53,1laoutc,320x50,09/16/2020
m320x50,0.54,m320x50p54,40utc0,320x50,09/16/2020
m320x50,0.55,m320x50p55,13jeubk,320x50,09/16/2020
m320x50,0.56,m320x50p56,z3lc74,320x50,09/16/2020
m320x50,0.57,m320x50p57,1ym5d6o,320x50,09/16/2020
m320x50,0.58,m320x50p58,hcbbpc,320x50,09/16/2020
m320x50,0.59,m320x50p59,1guvcow,320x50,09/16/2020
m320x50,0.6,m320x50p60,q7yby8,320x50,09/16/2020
m320x50,0.61,m320x50p61,1pqicxs,320x50,09/16/2020
m320x50,0.62,m320x50p62,8gobgg,320x50,09/16/2020
m320x50,0.63,m320x50p63,17z8cg0,320x50,09/16/2020
m320x50,0.64,m320x50p64,qrxips,320x50,09/16/2020
m320x50,0.65,m320x50p65,1qahjpc,320x50,09/16/2020
m320x50,0.66,m320x50p66,90ni80,320x50,09/16/2020
m320x50,0.67,m320x50p67,18j7j7k,320x50,09/16/2020
m320x50,0.68,m320x50p68,hwaigw,320x50,09/16/2020
m320x50,0.69,m320x50p69,1heujgg,320x50,09/16/2020
m320x50,0.7,m320x50p70,50hz4,320x50,09/16/2020
m320x50,0.71,m320x50p71,znkiyo,320x50,09/16/2020
m320x50,0.72,m320x50p72,v7r0u8,320x50,09/16/2020
m320x50,0.73,m320x50p73,1uqb1ts,320x50,09/16/2020
m320x50,0.74,m320x50p74,dgh0cg,320x50,09/16/2020
m320x50,0.75,m320x50p75,1cz11c0,320x50,09/16/2020
m320x50,0.76,m320x50p76,mc40lc,320x50,09/16/2020
m320x50,0.77,m320x50p77,1luo1kw,320x50,09/16/2020
m320x50,0.78,m320x50p78,4ku03k,320x50,09/16/2020
m320x50,0.79,m320x50p79,143e134,320x50,09/16/2020
m320x50,0.8,m320x50p80,szu9s0,320x50,09/16/2020
m320x50,0.81,m320x50p81,1sieark,320x50,09/16/2020
m320x50,0.82,m320x50p82,b8k9a8,320x50,09/16/2020
m320x50,0.83,m320x50p83,1ar4a9s,320x50,09/16/2020
m320x50,0.84,m320x50p84,k479j4,320x50,09/16/2020
m320x50,0.85,m320x50p85,1jmraio,320x50,09/16/2020
m320x50,0.86,m320x50p86,2cx91c,320x50,09/16/2020
m320x50,0.87,m320x50p87,11vha0w,320x50,09/16/2020
m320x50,0.88,m320x50p88,xfnrwg,320x50,09/16/2020
m320x50,0.89,m320x50p89,1wy7sw0,320x50,09/16/2020
m320x50,0.9,m320x50p90,fodreo,320x50,09/16/2020
m320x50,0.91,m320x50p91,1f6xse8,320x50,09/16/2020
m320x50,0.92,m320x50p92,ok0rnk,320x50,09/16/2020
m320x50,0.93,m320x50p93,1o2ksn4,320x50,09/16/2020
m320x50,0.94,m320x50p94,6sqr5s,320x50,09/16/2020
m320x50,0.95,m320x50p95,16bas5c,320x50,09/16/2020
m320x50,0.96,m320x50p96,rvvw8w,320x50,09/16/2020
m320x50,0.97,m320x50p97,1refx8g,320x50,09/16/2020
m320x50,0.98,m320x50p98,a4lvr4,320x50,09/16/2020
m320x50,0.99,m320x50p99,19n5wqo,320x50,09/16/2020
m320x50,1,m320x50p100,j08w00,320x50,09/16/2020
m320x50,1.01,m320x50p101,1iiswzk,320x50,09/16/2020
m320x50,1.02,m320x50p102,18yvi8,320x50,09/16/2020
m320x50,1.03,m320x50p103,10riwhs,320x50,09/16/2020
m320x50,1.04,m320x50p104,wbpedc,320x50,09/16/2020
m320x50,1.05,m320x50p105,1vu9fcw,320x50,09/16/2020
m320x50,1.06,m320x50p106,ekfdvk,320x50,09/16/2020
m320x50,1.07,m320x50p107,1e2zev4,320x50,09/16/2020
m320x50,1.08,m320x50p108,ng2e4g,320x50,09/16/2020
m320x50,1.09,m320x50p109,1mymf40,320x50,09/16/2020
m320x50,1.1,m320x50p110,5osdmo,320x50,09/16/2020
m320x50,1.11,m320x50p111,157cem8,320x50,09/16/2020
m320x50,1.12,m320x50p112,u3snb4,320x50,09/16/2020
m320x50,1.13,m320x50p113,1tmcoao,320x50,09/16/2020
m320x50,1.14,m320x50p114,ccimtc,320x50,09/16/2020
m320x50,1.15,m320x50p115,1bv2nsw,320x50,09/16/2020
m320x50,1.16,m320x50p116,l85n28,320x50,09/16/2020
m320x50,1.17,m320x50p117,1kqpo1s,320x50,09/16/2020
m320x50,1.18,m320x50p118,3gvmkg,320x50,09/16/2020
m320x50,1.19,m320x50p119,12zfnk0,320x50,09/16/2020
m320x50,1.2,m320x50p120,yjm5fk,320x50,09/16/2020
m320x50,1.21,m320x50p121,1y266f4,320x50,09/16/2020
m320x50,1.22,m320x50p122,gsc4xs,320x50,09/16/2020
m320x50,1.23,m320x50p123,1gaw5xc,320x50,09/16/2020
m320x50,1.24,m320x50p124,pnz56o,320x50,09/16/2020
m320x50,1.25,m320x50p125,1p6j668,320x50,09/16/2020
m320x50,1.26,m320x50p126,7wp4ow,320x50,09/16/2020
m320x50,1.27,m320x50p127,17f95og,320x50,09/16/2020
m320x50,1.28,m320x50p128,rlwav4,320x50,09/16/2020
m320x50,1.29,m320x50p129,1r4gbuo,320x50,09/16/2020
m320x50,1.3,m320x50p130,9umadc,320x50,09/16/2020
m320x50,1.31,m320x50p131,19d6bcw,320x50,09/16/2020
m320x50,1.32,m320x50p132,iq9am8,320x50,09/16/2020
m320x50,1.33,m320x50p133,1i8tbls,320x50,09/16/2020
m320x50,1.34,m320x50p134,yza4g,320x50,09/16/2020
m320x50,1.35,m320x50p135,10hjb40,320x50,09/16/2020
m320x50,1.36,m320x50p136,w1pszk,320x50,09/16/2020
m320x50,1.37,m320x50p137,1vk9tz4,320x50,09/16/2020
m320x50,1.38,m320x50p138,eafshs,320x50,09/16/2020
m320x50,1.39,m320x50p139,1dszthc,320x50,09/16/2020
m320x50,1.4,m320x50p140,n62sqo,320x50,09/16/2020
m320x50,1.41,m320x50p141,1momtq8,320x50,09/16/2020
m320x50,1.42,m320x50p142,5ess8w,320x50,09/16/2020
m320x50,1.43,m320x50p143,14xct8g,320x50,09/16/2020
m320x50,1.44,m320x50p144,ttt1xc,320x50,09/16/2020
m320x50,1.45,m320x50p145,1tcd2ww,320x50,09/16/2020
m320x50,1.46,m320x50p146,c2j1fk,320x50,09/16/2020
m320x50,1.47,m320x50p147,1bl32f4,320x50,09/16/2020
m320x50,1.48,m320x50p148,ky61og,320x50,09/16/2020
m320x50,1.49,m320x50p149,1kgq2o0,320x50,09/16/2020
m320x50,1.5,m320x50p150,36w16o,320x50,09/16/2020
m320x50,1.51,m320x50p151,12pg268,320x50,09/16/2020
m320x50,1.52,m320x50p152,y9mk1s,320x50,09/16/2020
m320x50,1.53,m320x50p153,1xs6l1c,320x50,09/16/2020
m320x50,1.54,m320x50p154,gicjk0,320x50,09/16/2020
m320x50,1.55,m320x50p155,1g0wkjk,320x50,09/16/2020
m320x50,1.56,m320x50p156,pdzjsw,320x50,09/16/2020
m320x50,1.57,m320x50p157,1owjksg,320x50,09/16/2020
m320x50,1.58,m320x50p158,7mpjb4,320x50,09/16/2020
m320x50,1.59,m320x50p159,1759kao,320x50,09/16/2020
m320x50,1.6,m320x50p160,spuoe8,320x50,09/16/2020
m320x50,1.61,m320x50p161,1s8epds,320x50,09/16/2020
m320x50,1.62,m320x50p162,ayknwg,320x50,09/16/2020
m320x50,1.63,m320x50p163,1ah4ow0,320x50,09/16/2020
m320x50,1.64,m320x50p164,ju7o5c,320x50,09/16/2020
m320x50,1.65,m320x50p165,1jcrp4w,320x50,09/16/2020
m320x50,1.66,m320x50p166,22xnnk,320x50,09/16/2020
m320x50,1.67,m320x50p167,11lhon4,320x50,09/16/2020
m320x50,1.68,m320x50p168,x5o6io,320x50,09/16/2020
m320x50,1.69,m320x50p169,1wo87i8,320x50,09/16/2020
m320x50,1.7,m320x50p170,fee60w,320x50,09/16/2020
m320x50,1.71,m320x50p171,1ewy70g,320x50,09/16/2020
m320x50,1.72,m320x50p172,oa169s,320x50,09/16/2020
m320x50,1.73,m320x50p173,1nsl79c,320x50,09/16/2020
m320x50,1.74,m320x50p174,6ir5s0,320x50,09/16/2020
m320x50,1.75,m320x50p175,161b6rk,320x50,09/16/2020
m320x50,1.76,m320x50p176,uxrfgg,320x50,09/16/2020
m320x50,1.77,m320x50p177,1ugbgg0,320x50,09/16/2020
m320x50,1.78,m320x50p178,d6heyo,320x50,09/16/2020
m320x50,1.79,m320x50p179,1cp1fy8,320x50,09/16/2020
m320x50,1.8,m320x50p180,m24f7k,320x50,09/16/2020
m320x50,1.81,m320x50p181,1lkog74,320x50,09/16/2020
m320x50,1.82,m320x50p182,4aueps,320x50,09/16/2020
m320x50,1.83,m320x50p183,13tefpc,320x50,09/16/2020
m320x50,1.84,m320x50p184,zdkxkw,320x50,09/16/2020
m320x50,1.85,m320x50p185,1yw4ykg,320x50,09/16/2020
m320x50,1.86,m320x50p186,hmax34,320x50,09/16/2020
m320x50,1.87,m320x50p187,1h4uy2o,320x50,09/16/2020
m320x50,1.88,m320x50p188,qhxxc0,320x50,09/16/2020
m320x50,1.89,m320x50p189,1q0hybk,320x50,09/16/2020
m320x50,1.9,m320x50p190,8qnwu8,320x50,09/16/2020
m320x50,1.91,m320x50p191,1897xts,320x50,09/16/2020
m320x50,1.92,m320x50p192,r1x43k,320x50,09/16/2020
m320x50,1.93,m320x50p193,1qkh534,320x50,09/16/2020
m320x50,1.94,m320x50p194,9an3ls,320x50,09/16/2020
m320x50,1.95,m320x50p195,18t74lc,320x50,09/16/2020
m320x50,1.96,m320x50p196,i6a3uo,320x50,09/16/2020
m320x50,1.97,m320x50p197,1hou4u8,320x50,09/16/2020
m320x50,1.98,m320x50p198,f03cw,320x50,09/16/2020
m320x50,1.99,m320x50p199,zxk4cg,320x50,09/16/2020
m320x50,2,m320x50p200,vhqm80,320x50,09/16/2020
m320x50,2.01,m320x50p201,1v0an7k,320x50,09/16/2020
m320x50,2.02,m320x50p202,dqglq8,320x50,09/16/2020
m320x50,2.03,m320x50p203,1d90mps,320x50,09/16/2020
m320x50,2.04,m320x50p204,mm3lz4,320x50,09/16/2020
m320x50,2.05,m320x50p205,1m4nmyo,320x50,09/16/2020
m320x50,2.06,m320x50p206,4utlhc,320x50,09/16/2020
m320x50,2.07,m320x50p207,14ddmgw,320x50,09/16/2020
m320x50,2.08,m320x50p208,t9tv5s,320x50,09/16/2020
m320x50,2.09,m320x50p209,1ssdw5c,320x50,09/16/2020
m320x50,2.1,m320x50p210,bijuo0,320x50,09/16/2020
m320x50,2.11,m320x50p211,1b13vnk,320x50,09/16/2020
m320x50,2.12,m320x50p212,ke6uww,320x50,09/16/2020
m320x50,2.13,m320x50p213,1jwqvwg,320x50,09/16/2020
m320x50,2.14,m320x50p214,2mwuf4,320x50,09/16/2020
m320x50,2.15,m320x50p215,125gveo,320x50,09/16/2020
m320x50,2.16,m320x50p216,xpnda8,320x50,09/16/2020
m320x50,2.17,m320x50p217,1x87e9s,320x50,09/16/2020
m320x50,2.18,m320x50p218,fydcsg,320x50,09/16/2020
m320x50,2.19,m320x50p219,1fgxds0,320x50,09/16/2020
m320x50,2.2,m320x50p220,ou0d1c,320x50,09/16/2020
m320x50,2.21,m320x50p221,1ocke0w,320x50,09/16/2020
m320x50,2.22,m320x50p222,72qcjk,320x50,09/16/2020
m320x50,2.23,m320x50p223,16ladj4,320x50,09/16/2020
m320x50,2.24,m320x50p224,s5vhmo,320x50,09/16/2020
m320x50,2.25,m320x50p225,1rofim8,320x50,09/16/2020
m320x50,2.26,m320x50p226,aelh4w,320x50,09/16/2020
m320x50,2.27,m320x50p227,19x5i4g,320x50,09/16/2020
m320x50,2.28,m320x50p228,ja8hds,320x50,09/16/2020
m320x50,2.29,m320x50p229,1issidc,320x50,09/16/2020
m320x50,2.3,m320x50p230,1iygw0,320x50,09/16/2020
m320x50,2.31,m320x50p231,111ihvk,320x50,09/16/2020
m320x50,2.32,m320x50p232,wlozr4,320x50,09/16/2020
m320x50,2.33,m320x50p233,1w490qo,320x50,09/16/2020
m320x50,2.34,m320x50p234,euez9c,320x50,09/16/2020
m320x50,2.35,m320x50p235,1ecz08w,320x50,09/16/2020
m320x50,2.36,m320x50p236,nq1zi8,320x50,09/16/2020
m320x50,2.37,m320x50p237,1n8m0hs,320x50,09/16/2020
m320x50,2.38,m320x50p238,5yrz0g,320x50,09/16/2020
m320x50,2.39,m320x50p239,15hc000,320x50,09/16/2020
m320x50,2.4,m320x50p240,uds8ow,320x50,09/16/2020
m320x50,2.41,m320x50p241,1twc9og,320x50,09/16/2020
m320x50,2.42,m320x50p242,cmi874,320x50,09/16/2020
m320x50,2.43,m320x50p243,1c5296o,320x50,09/16/2020
m320x50,2.44,m320x50p244,li58g0,320x50,09/16/2020
m320x50,2.45,m320x50p245,1l0p9fk,320x50,09/16/2020
m320x50,2.46,m320x50p246,3qv7y8,320x50,09/16/2020
m320x50,2.47,m320x50p247,139f8xs,320x50,09/16/2020
m320x50,2.48,m320x50p248,ytlqtc,320x50,09/16/2020
m320x50,2.49,m320x50p249,1yc5rsw,320x50,09/16/2020
m320x50,2.5,m320x50p250,h2bqbk,320x50,09/16/2020
m320x50,2.51,m320x50p251,1gkvrb4,320x50,09/16/2020
m320x50,2.52,m320x50p252,pxyqkg,320x50,09/16/2020
m320x50,2.53,m320x50p253,1pgirk0,320x50,09/16/2020
m320x50,2.54,m320x50p254,86oq2o,320x50,09/16/2020
m320x50,2.55,m320x50p255,17p8r28,320x50,09/16/2020
m320x50,2.56,m320x50p256,r6wwsg,320x50,09/16/2020
m320x50,2.57,m320x50p257,1qpgxs0,320x50,09/16/2020
m320x50,2.58,m320x50p258,9fmwao,320x50,09/16/2020
m320x50,2.59,m320x50p259,18y6xa8,320x50,09/16/2020
m320x50,2.6,m320x50p260,ib9wjk,320x50,09/16/2020
m320x50,2.61,m320x50p261,1httxj4,320x50,09/16/2020
m320x50,2.62,m320x50p262,jzw1s,320x50,09/16/2020
m320x50,2.63,m320x50p263,102jx1c,320x50,09/16/2020
m320x50,2.64,m320x50p264,vmqeww,320x50,09/16/2020
m320x50,2.65,m320x50p265,1v5afwg,320x50,09/16/2020
m320x50,2.66,m320x50p266,dvgef4,320x50,09/16/2020
m320x50,2.67,m320x50p267,1de0feo,320x50,09/16/2020
m320x50,2.68,m320x50p268,mr3eo0,320x50,09/16/2020
m320x50,2.69,m320x50p269,1m9nfnk,320x50,09/16/2020
m320x50,2.7,m320x50p270,4zte68,320x50,09/16/2020
m320x50,2.71,m320x50p271,14idf5s,320x50,09/16/2020
m320x50,2.72,m320x50p272,tetnuo,320x50,09/16/2020
m320x50,2.73,m320x50p273,1sxdou8,320x50,09/16/2020
m320x50,2.74,m320x50p274,bnjncw,320x50,09/16/2020
m320x50,2.75,m320x50p275,1b63ocg,320x50,09/16/2020
m320x50,2.76,m320x50p276,kj6nls,320x50,09/16/2020
m320x50,2.77,m320x50p277,1k1qolc,320x50,09/16/2020
m320x50,2.78,m320x50p278,2rwn40,320x50,09/16/2020
m320x50,2.79,m320x50p279,12ago3k,320x50,09/16/2020
m320x50,2.8,m320x50p280,xun5z4,320x50,09/16/2020
m320x50,2.81,m320x50p281,1xd76yo,320x50,09/16/2020
m320x50,2.82,m320x50p282,g3d5hc,320x50,09/16/2020
m320x50,2.83,m320x50p283,1flx6gw,320x50,09/16/2020
m320x50,2.84,m320x50p284,oz05q8,320x50,09/16/2020
m320x50,2.85,m320x50p285,1ohk6ps,320x50,09/16/2020
m320x50,2.86,m320x50p286,77q58g,320x50,09/16/2020
m320x50,2.87,m320x50p287,16qa680,320x50,09/16/2020
m320x50,2.88,m320x50p288,savabk,320x50,09/16/2020
m320x50,2.89,m320x50p289,1rtfbb4,320x50,09/16/2020
m320x50,2.9,m320x50p290,ajl9ts,320x50,09/16/2020
m320x50,2.91,m320x50p291,1a25atc,320x50,09/16/2020
m320x50,2.92,m320x50p292,jf8a2o,320x50,09/16/2020
m320x50,2.93,m320x50p293,1ixsb28,320x50,09/16/2020
m320x50,2.94,m320x50p294,1ny9kw,320x50,09/16/2020
m320x50,2.95,m320x50p295,116iakg,320x50,09/16/2020
m320x50,2.96,m320x50p296,wqosg0,320x50,09/16/2020
m320x50,2.97,m320x50p297,1w98tfk,320x50,09/16/2020
m320x50,2.98,m320x50p298,ezery8,320x50,09/16/2020
m320x50,2.99,m320x50p299,1ehysxs,320x50,09/16/2020
m320x50,3,m320x50p300,nv1s74,320x50,09/16/2020
m320x50,3.05,m320x50p301,1u1c2dc,320x50,09/16/2020
m320x50,3.1,m320x50p302,3vv0n4,320x50,09/16/2020
m320x50,3.15,m320x50p303,1gpvk00,320x50,09/16/2020
m320x50,3.2,m320x50p304,qmxq0w,320x50,09/16/2020
m320x50,3.25,m320x50p305,1h9uqrk,320x50,09/16/2020
m320x50,3.3,m320x50p306,dbh7nk,320x50,09/16/2020
m320x50,3.35,m320x50p307,13ye8e8,320x50,09/16/2020
m320x50,3.4,m320x50p308,jz7gu8,320x50,09/16/2020
m320x50,3.45,m320x50p309,1wt8074,320x50,09/16/2020
m320x50,3.5,m320x50p310,6nqygw,320x50,09/16/2020
m320x50,3.55,m320x50p311,19i641s,320x50,09/16/2020
m320x50,3.6,m320x50p312,w6plog,320x50,09/16/2020
m320x50,3.65,m320x50p313,1mtmmf4,320x50,09/16/2020
m320x50,3.7,m320x50p314,c7iu4g,320x50,09/16/2020
m320x50,3.75,m320x50p315,12ufuv4,320x50,09/16/2020
m320x50,3.8,m320x50p316,pizchs,320x50,09/16/2020
m320x50,3.85,m320x50p317,1qzgj5s,320x50,09/16/2020
m320x50,3.9,m320x50p318,tzhfk,320x50,09/16/2020
m320x50,3.95,m320x50p319,1do00sg,320x50,09/16/2020
m320x50,4,m320x50p320,tot98g,320x50,09/16/2020
m320x50,4.05,m320x50p321,1kbq9z4,320x50,09/16/2020
m320x50,4.1,m320x50p322,gdcqv4,320x50,09/16/2020
m320x50,4.15,m320x50p323,1709rls,320x50,09/16/2020
m320x50,4.2,m320x50p324,jp7vgg,320x50,09/16/2020
m320x50,4.25,m320x50p325,1wj8etc,320x50,09/16/2020
m320x50,4.3,m320x50p326,6drd34,320x50,09/16/2020
m320x50,4.35,m320x50p327,1ck1n9c,320x50,09/16/2020
m320x50,4.4,m320x50p328,z8l4w0,320x50,09/16/2020
m320x50,4.45,m320x50p329,1pvi5mo,320x50,09/16/2020
m320x50,4.5,m320x50p330,95naww,320x50,09/16/2020
m320x50,4.55,m320x50p331,zskbnk,320x50,09/16/2020
m320x50,4.6,m320x50p332,mh3ta8,320x50,09/16/2020
m320x50,4.65,m320x50p333,1sne3gg,320x50,09/16/2020
m320x50,4.7,m320x50p334,2hx1q8,320x50,09/16/2020
m320x50,4.75,m320x50p335,1fbxl34,320x50,09/16/2020
m320x50,4.8,m320x50p336,s0voxs,320x50,09/16/2020
m320x50,4.85,m320x50p337,1inspog,320x50,09/16/2020
m320x50,4.9,m320x50p338,epf6kg,320x50,09/16/2020
m320x50,4.95,m320x50p339,15cc7b4,320x50,09/16/2020
m320x50,5,m320x50p340,ld5fr4,320x50,09/16/2020
m320x50,5.05,m320x50p341,1y75z40,320x50,09/16/2020
m320x50,5.1,m320x50p342,81oxds,320x50,09/16/2020
m320x50,5.15,m320x50p343,195ombk,320x50,09/16/2020
m320x50,5.2,m320x50p344,vu83y8,320x50,09/16/2020
m320x50,5.25,m320x50p345,1mh54ow,320x50,09/16/2020
m320x50,5.3,m320x50p346,bv1ce8,320x50,09/16/2020
m320x50,5.35,m320x50p347,12hyd4w,320x50,09/16/2020
m320x50,5.4,m320x50p348,p6hurk,320x50,09/16/2020
m320x50,5.45,m320x50p349,1s0x0cg,320x50,09/16/2020
m320x50,5.5,m320x50p350,1vfym8,320x50,09/16/2020
m320x50,5.55,m320x50p351,1epghz4,320x50,09/16/2020
m320x50,5.6,m320x50p352,uq9qf4,320x50,09/16/2020
m320x50,5.65,m320x50p353,1ld6r5s,320x50,09/16/2020
m320x50,5.7,m320x50p354,het81s,320x50,09/16/2020
m320x50,5.75,m320x50p355,181q8sg,320x50,09/16/2020
m320x50,5.8,m320x50p356,hysetc,320x50,09/16/2020
m320x50,5.85,m320x50p357,1ussy68,320x50,09/16/2020
m320x50,5.9,m320x50p358,4nbwg0,320x50,09/16/2020
m320x50,5.95,m320x50p359,1atm6m8,320x50,09/16/2020
m320x50,6,m320x50p360,xi5o8w,320x50,09/16/2020
m320x50,6.05,m320x50p361,1o52ozk,320x50,09/16/2020
m320x50,6.1,m320x50p362,a73s3k,320x50,09/16/2020
m320x50,6.15,m320x50p363,10u0su8,320x50,09/16/2020
m320x50,6.2,m320x50p364,nikagw,320x50,09/16/2020
m320x50,6.25,m320x50p365,1toukn4,320x50,09/16/2020
m320x50,6.3,m320x50p366,3jdiww,320x50,09/16/2020
m320x50,6.35,m320x50p367,1gde29s,320x50,09/16/2020
m320x50,6.4,m320x50p368,roe77k,320x50,09/16/2020
m320x50,6.45,m320x50p369,1ibb7y8,320x50,09/16/2020
m320x50,6.5,m320x50p370,ecxou8,320x50,09/16/2020
m320x50,6.55,m320x50p371,14zupkw,320x50,09/16/2020
m320x50,6.6,m320x50p372,l0ny0w,320x50,09/16/2020
m320x50,6.65,m320x50p373,1xuohds,320x50,09/16/2020
m320x50,6.7,m320x50p374,7p7fnk,320x50,09/16/2020
m320x50,6.75,m320x50p375,1ajml8g,320x50,09/16/2020
m320x50,6.8,m320x50p376,x862v4,320x50,09/16/2020
m320x50,6.85,m320x50p377,1nv33ls,320x50,09/16/2020
m320x50,6.9,m320x50p378,d8zbb4,320x50,09/16/2020
m320x50,6.95,m320x50p379,13vwc1s,320x50,09/16/2020
m320x50,7,m320x50p380,qkftog,320x50,09/16/2020
m320x50,7.05,m320x50p381,1qmz1fk,320x50,09/16/2020
m320x50,7.1,m320x50p382,hhzpc,320x50,09/16/2020
m320x50,7.15,m320x50p383,1dbij28,320x50,09/16/2020
m320x50,7.2,m320x50p384,tcbri8,320x50,09/16/2020
m320x50,7.25,m320x50p385,1jz8s8w,320x50,09/16/2020
m320x50,7.3,m320x50p386,g0v94w,320x50,09/16/2020
m320x50,7.35,m320x50p387,16ns9vk,320x50,09/16/2020
m320x50,7.4,m320x50p388,jcqdq8,320x50,09/16/2020
m320x50,7.45,m320x50p389,1w6qx34,320x50,09/16/2020
m320x50,7.5,m320x50p390,619vcw,320x50,09/16/2020
m320x50,7.55,m320x50p391,1c7k5j4,320x50,09/16/2020
m320x50,7.6,m320x50p392,yw3n5s,320x50,09/16/2020
m320x50,7.65,m320x50p393,1pj0nwg,320x50,09/16/2020
m320x50,7.7,m320x50p394,9i4sn4,320x50,09/16/2020
m320x50,7.75,m320x50p395,1051tds,320x50,09/16/2020
m320x50,7.8,m320x50p396,mtlb0g,320x50,09/16/2020
m320x50,7.85,m320x50p397,1szvl6o,320x50,09/16/2020
m320x50,7.9,m320x50p398,2uejgg,320x50,09/16/2020
m320x50,7.95,m320x50p399,1fof2tc,320x50,09/16/2020
m320x50,8,m320x50p400,sdd6o0,320x50,09/16/2020
m320x50,8.5,m320x50p401,b62cxs,320x50,09/16/2020
m320x50,9,m320x50p402,inre9s,320x50,09/16/2020
m320x50,9.5,m320x50p403,48cidc,320x50,09/16/2020
m320x50,10,m320x50p404,wj73eo,320x50,09/16/2020
m320x50,10.5,m320x50p405,g9lwcg,320x50,09/16/2020
m320x50,11,m320x50p406,mdcyrk,320x50,09/16/2020
m320x50,11.5,m320x50p407,7xy2v4,320x50,09/16/2020
m320x50,12,m320x50p408,uz0dmo,320x50,09/16/2020
m320x50,12.5,m320x50p409,afufb4,320x50,09/16/2020
m320x50,13,m320x50p410,kkfls0,320x50,09/16/2020
m320x50,13.5,m320x50p411,19ngg,320x50,09/16/2020
m320x50,14,m320x50p412,yfvaww,320x50,09/16/2020
m320x50,14.5,m320x50p413,fanbi8,320x50,09/16/2020
m320x50,15,m320x50p414,oq9iio,320x50,09/16/2020
m320x50,15.5,m320x50p415,58k1ds,320x50,09/16/2020
m320x50,16,m320x50p416,qvod8g,320x50,09/16/2020
m320x50,16.5,m320x50p417,cg9hc0,320x50,09/16/2020
m320x50,17,m320x50p418,jxyio0,320x50,09/16/2020
m320x50,17.5,m320x50p419,2qnoxs,320x50,09/16/2020
m320x50,18,m320x50p420,vqh9fk,320x50,09/16/2020
m320x50,18.5,m320x50p421,hb2dj4,320x50,09/16/2020
m320x50,19,m320x50p422,netfy8,320x50,09/16/2020
m320x50,19.5,m320x50p423,7lgl4w,320x50,09/16/2020
m320x50,20,m320x50p424,t8kwzk,320x50,09/16/2020
m320x50,21,m320x50p425,lsraww,320x50,09/16/2020
m320x50,22,m320x50p426,ya914w,320x50,09/16/2020
m320x50,23,m320x50p427,pyl7nk,320x50,09/16/2020
m320x50,24,m320x50p428,rrikn4,320x50,09/16/2020
m320x50,25,m320x50p429,i1ws8w,320x50,09/16/2020
m320x50,26,m320x50p430,wysykg,320x50,09/16/2020
m320x50,27,m320x50p431,n97668,320x50,09/16/2020
m320x50,28,m320x50p432,ugwm4g,320x50,09/16/2020
m320x50,29,m320x50p433,k2bu9s,320x50,09/16/2020
m320x50,30,m320x50p434,zbpibk,320x50,09/16/2020
m320x50,31,m320x50p435,p5vdog,320x50,09/16/2020
m320x50,32,m320x50p436,rnrq4g,320x50,09/16/2020
m320x50,33,m320x50p437,jc3wn4,320x50,09/16/2020
m320x50,34,m320x50p438,v4mneo,320x50,09/16/2020
m320x50,35,m320x50p439,o6wsu8,320x50,09/16/2020
Interstitial,0.05,mFSp1,1hytq80,Interstitial,09/17/2020
Interstitial,0.1,mFSp2,e0g740,Interstitial,09/17/2020
Interstitial,0.15,mFSp3,14nd7uo,Interstitial,09/17/2020
Interstitial,0.2,mFSp4,ko6gao,Interstitial,09/17/2020
Interstitial,0.25,mFSp5,1xi6znk,Interstitial,09/17/2020
Interstitial,0.3,mFSp6,7cpxxc,Interstitial,09/17/2020
Interstitial,0.35,mFSp7,1a753i8,Interstitial,09/17/2020
Interstitial,0.4,mFSp8,wvol4w,Interstitial,09/17/2020
Interstitial,0.45,mFSp9,1nillvk,Interstitial,09/17/2020
Interstitial,0.5,mFSp10,cwhtkw,Interstitial,09/17/2020
Interstitial,0.55,mFSp11,13jeubk,Interstitial,09/17/2020
Interstitial,0.6,mFSp12,q7yby8,Interstitial,09/17/2020
Interstitial,0.65,mFSp13,1qahjpc,Interstitial,09/17/2020
Interstitial,0.7,mFSp14,50hz4,Interstitial,09/17/2020
Interstitial,0.75,mFSp15,1cz11c0,Interstitial,09/17/2020
Interstitial,0.8,mFSp16,szu9s0,Interstitial,09/17/2020
Interstitial,0.85,mFSp17,1jmraio,Interstitial,09/17/2020
Interstitial,0.9,mFSp18,fodreo,Interstitial,09/17/2020
Interstitial,0.95,mFSp19,16bas5c,Interstitial,09/17/2020
Interstitial,1,mFSp20,j08w00,Interstitial,09/17/2020
Interstitial,1.05,mFSp21,1vu9fcw,Interstitial,09/17/2020
Interstitial,1.1,mFSp22,5osdmo,Interstitial,09/17/2020
Interstitial,1.15,mFSp23,1bv2nsw,Interstitial,09/17/2020
Interstitial,1.2,mFSp24,yjm5fk,Interstitial,09/17/2020
Interstitial,1.25,mFSp25,1p6j668,Interstitial,09/17/2020
Interstitial,1.3,mFSp26,9umadc,Interstitial,09/17/2020
Interstitial,1.35,mFSp27,10hjb40,Interstitial,09/17/2020
Interstitial,1.4,mFSp28,n62sqo,Interstitial,09/17/2020
Interstitial,1.45,mFSp29,1tcd2ww,Interstitial,09/17/2020
Interstitial,1.5,mFSp30,36w16o,Interstitial,09/17/2020
Interstitial,1.55,mFSp31,1g0wkjk,Interstitial,09/17/2020
Interstitial,1.6,mFSp32,spuoe8,Interstitial,09/17/2020
Interstitial,1.65,mFSp33,1jcrp4w,Interstitial,09/17/2020
Interstitial,1.7,mFSp34,fee60w,Interstitial,09/17/2020
Interstitial,1.75,mFSp35,161b6rk,Interstitial,09/17/2020
Interstitial,1.8,mFSp36,m24f7k,Interstitial,09/17/2020
Interstitial,1.85,mFSp37,1yw4ykg,Interstitial,09/17/2020
Interstitial,1.9,mFSp38,8qnwu8,Interstitial,09/17/2020
Interstitial,1.95,mFSp39,18t74lc,Interstitial,09/17/2020
Interstitial,2,mFSp40,vhqm80,Interstitial,09/17/2020
Interstitial,2.05,mFSp41,1m4nmyo,Interstitial,09/17/2020
Interstitial,2.1,mFSp42,bijuo0,Interstitial,09/17/2020
Interstitial,2.15,mFSp43,125gveo,Interstitial,09/17/2020
Interstitial,2.2,mFSp44,ou0d1c,Interstitial,09/17/2020
Interstitial,2.25,mFSp45,1rofim8,Interstitial,09/17/2020
Interstitial,2.3,mFSp46,1iygw0,Interstitial,09/17/2020
Interstitial,2.35,mFSp47,1ecz08w,Interstitial,09/17/2020
Interstitial,2.4,mFSp48,uds8ow,Interstitial,09/17/2020
Interstitial,2.45,mFSp49,1l0p9fk,Interstitial,09/17/2020
Interstitial,2.5,mFSp50,h2bqbk,Interstitial,09/17/2020
Interstitial,2.55,mFSp51,17p8r28,Interstitial,09/17/2020
Interstitial,2.6,mFSp52,ib9wjk,Interstitial,09/17/2020
Interstitial,2.65,mFSp53,1v5afwg,Interstitial,09/17/2020
Interstitial,2.7,mFSp54,4zte68,Interstitial,09/17/2020
Interstitial,2.75,mFSp55,1b63ocg,Interstitial,09/17/2020
Interstitial,2.8,mFSp56,xun5z4,Interstitial,09/17/2020
Interstitial,2.85,mFSp57,1ohk6ps,Interstitial,09/17/2020
Interstitial,2.9,mFSp58,ajl9ts,Interstitial,09/17/2020
Interstitial,2.95,mFSp59,116iakg,Interstitial,09/17/2020
Interstitial,3,mFSp60,nv1s74,Interstitial,09/17/2020
Interstitial,3.05,mFSp61,1u1c2dc,Interstitial,09/17/2020
Interstitial,3.1,mFSp62,3vv0n4,Interstitial,09/17/2020
Interstitial,3.15,mFSp63,1gpvk00,Interstitial,09/17/2020
Interstitial,3.2,mFSp64,qmxq0w,Interstitial,09/17/2020
Interstitial,3.25,mFSp65,1h9uqrk,Interstitial,09/17/2020
Interstitial,3.3,mFSp66,dbh7nk,Interstitial,09/17/2020
Interstitial,3.35,mFSp67,13ye8e8,Interstitial,09/17/2020
Interstitial,3.4,mFSp68,jz7gu8,Interstitial,09/17/2020
Interstitial,3.45,mFSp69,1wt8074,Interstitial,09/17/2020
Interstitial,3.5,mFSp70,6nqygw,Interstitial,09/17/2020
Interstitial,3.55,mFSp71,19i641s,Interstitial,09/17/2020
Interstitial,3.6,mFSp72,w6plog,Interstitial,09/17/2020
Interstitial,3.65,mFSp73,1mtmmf4,Interstitial,09/17/2020
Interstitial,3.7,mFSp74,c7iu4g,Interstitial,09/17/2020
Interstitial,3.75,mFSp75,12ufuv4,Interstitial,09/17/2020
Interstitial,3.8,mFSp76,pizchs,Interstitial,09/17/2020
Interstitial,3.85,mFSp77,1qzgj5s,Interstitial,09/17/2020
Interstitial,3.9,mFSp78,tzhfk,Interstitial,09/17/2020
Interstitial,3.95,mFSp79,1do00sg,Interstitial,09/17/2020
Interstitial,4,mFSp80,tot98g,Interstitial,09/17/2020
Interstitial,4.05,mFSp81,1kbq9z4,Interstitial,09/17/2020
Interstitial,4.1,mFSp82,gdcqv4,Interstitial,09/17/2020
Interstitial,4.15,mFSp83,1709rls,Interstitial,09/17/2020
Interstitial,4.2,mFSp84,jp7vgg,Interstitial,09/17/2020
Interstitial,4.25,mFSp85,1wj8etc,Interstitial,09/17/2020
Interstitial,4.3,mFSp86,6drd34,Interstitial,09/17/2020
Interstitial,4.35,mFSp87,1ck1n9c,Interstitial,09/17/2020
Interstitial,4.4,mFSp88,z8l4w0,Interstitial,09/17/2020
Interstitial,4.45,mFSp89,1pvi5mo,Interstitial,09/17/2020
Interstitial,4.5,mFSp90,95naww,Interstitial,09/17/2020
Interstitial,4.55,mFSp91,zskbnk,Interstitial,09/17/2020
Interstitial,4.6,mFSp92,mh3ta8,Interstitial,09/17/2020
Interstitial,4.65,mFSp93,1sne3gg,Interstitial,09/17/2020
Interstitial,4.7,mFSp94,2hx1q8,Interstitial,09/17/2020
Interstitial,4.75,mFSp95,1fbxl34,Interstitial,09/17/2020
Interstitial,4.8,mFSp96,s0voxs,Interstitial,09/17/2020
Interstitial,4.85,mFSp97,1inspog,Interstitial,09/17/2020
Interstitial,4.9,mFSp98,epf6kg,Interstitial,09/17/2020
Interstitial,4.95,mFSp99,15cc7b4,Interstitial,09/17/2020
Interstitial,5,mFSp100,ld5fr4,Interstitial,09/17/2020
Interstitial,5.1,mFSp101,81oxds,Interstitial,09/17/2020
Interstitial,5.2,mFSp102,vu83y8,Interstitial,09/17/2020
Interstitial,5.3,mFSp103,bv1ce8,Interstitial,09/17/2020
Interstitial,5.4,mFSp104,p6hurk,Interstitial,09/17/2020
Interstitial,5.5,mFSp105,1vfym8,Interstitial,09/17/2020
Interstitial,5.6,mFSp106,uq9qf4,Interstitial,09/17/2020
Interstitial,5.7,mFSp107,het81s,Interstitial,09/17/2020
Interstitial,5.8,mFSp108,hysetc,Interstitial,09/17/2020
Interstitial,5.9,mFSp109,4nbwg0,Interstitial,09/17/2020
Interstitial,6,mFSp110,xi5o8w,Interstitial,09/17/2020
Interstitial,6.1,mFSp111,a73s3k,Interstitial,09/17/2020
Interstitial,6.2,mFSp112,nikagw,Interstitial,09/17/2020
Interstitial,6.3,mFSp113,3jdiww,Interstitial,09/17/2020
Interstitial,6.4,mFSp114,roe77k,Interstitial,09/17/2020
Interstitial,6.5,mFSp115,ecxou8,Interstitial,09/17/2020
Interstitial,6.6,mFSp116,l0ny0w,Interstitial,09/17/2020
Interstitial,6.7,mFSp117,7p7fnk,Interstitial,09/17/2020
Interstitial,6.8,mFSp118,x862v4,Interstitial,09/17/2020
Interstitial,6.9,mFSp119,d8zbb4,Interstitial,09/17/2020
Interstitial,7,mFSp120,qkftog,Interstitial,09/17/2020
Interstitial,7.1,mFSp121,hhzpc,Interstitial,09/17/2020
Interstitial,7.2,mFSp122,tcbri8,Interstitial,09/17/2020
Interstitial,7.3,mFSp123,g0v94w,Interstitial,09/17/2020
Interstitial,7.4,mFSp124,jcqdq8,Interstitial,09/17/2020
Interstitial,7.5,mFSp125,619vcw,Interstitial,09/17/2020
Interstitial,7.6,mFSp126,yw3n5s,Interstitial,09/17/2020
Interstitial,7.7,mFSp127,9i4sn4,Interstitial,09/17/2020
Interstitial,7.8,mFSp128,mtlb0g,Interstitial,09/17/2020
Interstitial,7.9,mFSp129,2uejgg,Interstitial,09/17/2020
Interstitial,8,mFSp130,sdd6o0,Interstitial,09/17/2020
Interstitial,8.1,mFSp131,f1woao,Interstitial,09/17/2020
Interstitial,8.2,mFSp132,lpmxhc,Interstitial,09/17/2020
Interstitial,8.3,mFSp133,8e6f40,Interstitial,09/17/2020
Interstitial,8.4,mFSp134,v594hs,Interstitial,09/17/2020
Interstitial,8.5,mFSp135,b62cxs,Interstitial,09/17/2020
Interstitial,8.6,mFSp136,ohivb4,Interstitial,09/17/2020
Interstitial,8.7,mFSp137,16gz5s,Interstitial,09/17/2020
Interstitial,8.8,mFSp138,u1aqyo,Interstitial,09/17/2020
Interstitial,8.9,mFSp139,gpu8lc,Interstitial,09/17/2020
Interstitial,9,mFSp140,inre9s,Interstitial,09/17/2020
Interstitial,9.1,mFSp141,5cavwg,Interstitial,09/17/2020
Interstitial,9.2,mFSp142,y74npc,Interstitial,09/17/2020
Interstitial,9.3,mFSp143,aw2rk0,Interstitial,09/17/2020
Interstitial,9.4,mFSp144,o7j9xc,Interstitial,09/17/2020
Interstitial,9.5,mFSp145,48cidc,Interstitial,09/17/2020
Interstitial,9.6,mFSp146,qzf7r4,Interstitial,09/17/2020
Interstitial,9.7,mFSp147,dnypds,Interstitial,09/17/2020
Interstitial,9.8,mFSp148,kboykg,Interstitial,09/17/2020
Interstitial,9.9,mFSp149,708g74,Interstitial,09/17/2020
Interstitial,10,mFSp150,wj73eo,Interstitial,09/17/2020
Interstitial,10.25,mFSp151,1qvpon4,Interstitial,09/17/2020
Interstitial,10.5,mFSp152,g9lwcg,Interstitial,09/17/2020
Interstitial,10.75,mFSp153,1cgasqo,Interstitial,09/17/2020
Interstitial,11,mFSp154,mdcyrk,Interstitial,09/17/2020
Interstitial,11.25,mFSp155,1ik1v5s,Interstitial,09/17/2020
Interstitial,11.5,mFSp156,7xy2v4,Interstitial,09/17/2020
Interstitial,11.75,mFSp157,12qp0cg,Interstitial,09/17/2020
Interstitial,12,mFSp158,uz0dmo,Interstitial,09/17/2020
Interstitial,12.25,mFSp159,1v1jlds,Interstitial,09/17/2020
Interstitial,12.5,mFSp160,afufb4,Interstitial,09/17/2020
Interstitial,12.75,mFSp161,1gm4phc,Interstitial,09/17/2020
Interstitial,13,mFSp162,kkfls0,Interstitial,09/17/2020
Interstitial,13.25,mFSp163,1neurcw,Interstitial,09/17/2020
Interstitial,13.5,mFSp164,19ngg,Interstitial,09/17/2020
Interstitial,13.75,mFSp165,167jxmo,Interstitial,09/17/2020
Interstitial,14,mFSp166,yfvaww,Interstitial,09/17/2020
Interstitial,14.25,mFSp167,1t8m8e8,Interstitial,09/17/2020
Interstitial,14.5,mFSp168,fanbi8,Interstitial,09/17/2020
Interstitial,14.75,mFSp169,18pga2o,Interstitial,09/17/2020
Interstitial,15,mFSp170,oq9iio,Interstitial,09/17/2020
Interstitial,15.25,mFSp171,1kwyeww,Interstitial,09/17/2020
Interstitial,15.5,mFSp172,58k1ds,Interstitial,09/17/2020
Interstitial,15.75,mFSp173,11f8xs0,Interstitial,09/17/2020
Interstitial,16,mFSp174,qvod8g,Interstitial,09/17/2020
Interstitial,16.25,mFSp175,1x1yneo,Interstitial,09/17/2020
Interstitial,16.5,mFSp176,cg9hc0,Interstitial,09/17/2020
Interstitial,16.75,mFSp177,1dwqo00,Interstitial,09/17/2020
Interstitial,17,mFSp178,jxyio0,Interstitial,09/17/2020
Interstitial,17.25,mFSp179,1q48su8,Interstitial,09/17/2020
Interstitial,17.5,mFSp180,2qnoxs,Interstitial,09/17/2020
Interstitial,17.75,mFSp181,15l2uio,Interstitial,09/17/2020
Interstitial,18,mFSp182,vqh9fk,Interstitial,09/17/2020
Interstitial,18.25,mFSp183,1rx65ts,Interstitial,09/17/2020
Interstitial,18.5,mFSp184,hb2dj4,Interstitial,09/17/2020
Interstitial,18.75,mFSp185,1apvc3k,Interstitial,09/17/2020
Interstitial,19,mFSp186,netfy8,Interstitial,09/17/2020
Interstitial,19.25,mFSp187,1i7kdfk,Interstitial,09/17/2020
Interstitial,19.5,mFSp188,7lgl4w,Interstitial,09/17/2020
Interstitial,19.75,mFSp189,13s5hj4,Interstitial,09/17/2020
Interstitial,20,mFSp190,t8kwzk,Interstitial,09/17/2020
Interstitial,20.5,mFSp191,9l962o,Interstitial,09/17/2020
Interstitial,21,mFSp192,lsraww,Interstitial,09/17/2020
Interstitial,21.5,mFSp193,19lclc,Interstitial,09/17/2020
Interstitial,22,mFSp194,ya914w,Interstitial,09/17/2020
Interstitial,22.5,mFSp195,dr32tc,Interstitial,09/17/2020
Interstitial,23,mFSp196,pyl7nk,Interstitial,09/17/2020
Interstitial,23.5,mFSp197,64e8sg,Interstitial,09/17/2020
Interstitial,24,mFSp198,rrikn4,Interstitial,09/17/2020
Interstitial,24.5,mFSp199,by5pts,Interstitial,09/17/2020
Interstitial,25,mFSp200,i1ws8w,Interstitial,09/17/2020
Interstitial,25.5,mFSp201,3mhwcg,Interstitial,09/17/2020
Interstitial,26,mFSp202,wysykg,Interstitial,09/17/2020
Interstitial,26.5,mFSp203,fri4u8,Interstitial,09/17/2020
Interstitial,27,mFSp204,n97668,Interstitial,09/17/2020
Interstitial,27.5,mFSp205,8tsa9s,Interstitial,09/17/2020
Interstitial,28,mFSp206,ugwm4g,Interstitial,09/17/2020
Interstitial,28.5,mFSp207,ampn9c,Interstitial,09/17/2020
Interstitial,29,mFSp208,k2bu9s,Interstitial,09/17/2020
Interstitial,29.5,mFSp209,x3uv4,Interstitial,09/17/2020
Interstitial,30,mFSp210,zbpibk,Interstitial,09/17/2020
Interstitial,30.5,mFSp211,esjk00,Interstitial,09/17/2020
Interstitial,31,mFSp212,p5vdog,Interstitial,09/17/2020
Interstitial,31.5,mFSp213,4mpfcw,Interstitial,09/17/2020
Interstitial,32,mFSp214,rnrq4g,Interstitial,09/17/2020
Interstitial,32.5,mFSp215,d8cu80,Interstitial,09/17/2020
Interstitial,33,mFSp216,jc3wn4,Interstitial,09/17/2020
Interstitial,33.5,mFSp217,2ts2dc,Interstitial,09/17/2020
Interstitial,34,mFSp218,v4mneo,Interstitial,09/17/2020
Interstitial,34.5,mFSp219,gp7ri8,Interstitial,09/17/2020
Interstitial,35,mFSp220,o6wsu8,Interstitial,09/17/2020
Interstitial,36,mFSp221,to6s5c,Interstitial,09/17/2020
Interstitial,37,mFSp222,lciyo0,Interstitial,09/17/2020
Interstitial,38,mFSp223,xu0ow0,Interstitial,09/17/2020
Interstitial,39,mFSp224,q7buv4,Interstitial,09/17/2020
Interstitial,40,mFSp225,sp87b4,Interstitial,09/17/2020
Interstitial,41,mFSp226,igkxs0,Interstitial,09/17/2020
Interstitial,42,mFSp227,wc0mww,Interstitial,09/17/2020
Interstitial,43,mFSp228,mmeuio,Interstitial,09/17/2020
Interstitial,44,mFSp229,uj39xc,Interstitial,09/17/2020
Interstitial,45,mFSp230,kthhj4,Interstitial,09/17/2020
Interstitial,46,mFSp231,yox6o0,Interstitial,09/17/2020
Interstitial,47,mFSp232,omtwjk,Interstitial,09/17/2020
Interstitial,48,mFSp233,r4q8zk,Interstitial,09/17/2020
Interstitial,49,mFSp234,ji1eyo,Interstitial,09/17/2020
Interstitial,50,mFSp235,vzj56o,Interstitial,09/17/2020
Interstitial,51,mFSp236,nnvbpc,Interstitial,09/17/2020
Interstitial,52,mFSp237,t1eghs,Interstitial,09/17/2020
Interstitial,53,mFSp238,m3olxc,Interstitial,09/17/2020
Interstitial,54,mFSp239,xw7cow,Interstitial,09/17/2020
Interstitial,55,mFSp240,pkjj7k,Interstitial,09/17/2020
Interstitial,56,mFSp241,s2fvnk,Interstitial,09/17/2020
Interstitial,57,mFSp242,i0clj4,Interstitial,09/17/2020
Interstitial,58,mFSp243,x9q9kw,Interstitial,09/17/2020
Interstitial,59,mFSp244,mv5hq8,Interstitial,09/17/2020
Interstitial,60,mFSp245,u2uxog,Interstitial,09/17/2020
ELOKENCE_AkinatorFree_Android_allDevices_banner_W_bs-320x53_Blue,0.01,1qugqgw,1qugqgw,320x50,10/05/2023
ELOKENCE_AkinatorFree_Android_allDevices_banner_W_bs-320x53_Blue,0.02,9kmozk,9kmozk,320x50,10/05/2023
ELOKENCE_AkinatorFree_Android_allDevices_banner_W_bs-320x53_Blue,0.03,1936pz4,1936pz4,320x50,10/05/2023
ELOKENCE_AkinatorFree_Android_allDevices_banner_W_bs-320x53_Blue,0.04,ig9p8g,ig9p8g,320x50,10/05/2023
ELOKENCE_AkinatorFree_Android_allDevices_banner_W_bs-320x53_Blue,0.05,1hytq80,1hytq80,320x50,10/05/2023
ELOKENCE_AkinatorFree_Android_allDevices_banner_W_bs-320x53_Blue,0.06,ozoqo,ozoqo,320x50,10/05/2023
ELOKENCE_AkinatorFree_Android_allDevices_banner_W_bs-320x53_Blue,0.07,107jpq8,107jpq8,320x50,10/05/2023
ELOKENCE_AkinatorFree_Android_allDevices_banner_W_bs-320x53_Blue,0.08,vrq7ls,vrq7ls,320x50,10/05/2023
ELOKENCE_AkinatorFree_Android_allDevices_banner_W_bs-320x53_Blue,0.09,1vaa8lc,1vaa8lc,320x50,10/05/2023
ELOKENCE_AkinatorFree_Android_allDevices_banner_W_bs-320x53_Blue,0.1,e0g740,e0g740,320x50,10/05/2023
ELOKENCE_AkinatorFree_Android_allDevices_banner_W_bs-320x53_Blue,0.11,1dj083k,1dj083k,320x50,10/05/2023
ELOKENCE_AkinatorFree_Android_allDevices_banner_W_bs-320x53_Blue,0.12,mw37cw,mw37cw,320x50,10/05/2023
ELOKENCE_AkinatorFree_Android_allDevices_banner_W_bs-320x53_Blue,0.13,1men8cg,1men8cg,320x50,10/05/2023
ELOKENCE_AkinatorFree_Android_allDevices_banner_W_bs-320x53_Blue,0.14,54t6v4,54t6v4,320x50,10/05/2023
ELOKENCE_AkinatorFree_Android_allDevices_banner_W_bs-320x53_Blue,0.15,14nd7uo,14nd7uo,320x50,10/05/2023
ELOKENCE_AkinatorFree_Android_allDevices_banner_W_bs-320x53_Blue,0.16,tjtgjk,tjtgjk,320x50,10/05/2023
ELOKENCE_AkinatorFree_Android_allDevices_banner_W_bs-320x53_Blue,0.17,1t2dhj4,1t2dhj4,320x50,10/05/2023
ELOKENCE_AkinatorFree_Android_allDevices_banner_W_bs-320x53_Blue,0.18,bsjg1s,bsjg1s,320x50,10/05/2023
ELOKENCE_AkinatorFree_Android_allDevices_banner_W_bs-320x53_Blue,0.19,1bb3h1c,1bb3h1c,320x50,10/05/2023
ELOKENCE_AkinatorFree_Android_allDevices_banner_W_bs-320x53_Blue,0.2,ko6gao,ko6gao,320x50,10/05/2023
ELOKENCE_AkinatorFree_Android_allDevices_banner_W_bs-320x53_Blue,0.21,1k6qha8,1k6qha8,320x50,10/05/2023
ELOKENCE_AkinatorFree_Android_allDevices_banner_W_bs-320x53_Blue,0.22,2wwfsw,2wwfsw,320x50,10/05/2023
ELOKENCE_AkinatorFree_Android_allDevices_banner_W_bs-320x53_Blue,0.23,12fggsg,12fggsg,320x50,10/05/2023
ELOKENCE_AkinatorFree_Android_allDevices_banner_W_bs-320x53_Blue,0.24,xzmyo0,xzmyo0,320x50,10/05/2023
ELOKENCE_AkinatorFree_Android_allDevices_banner_W_bs-320x53_Blue,0.25,1xi6znk,1xi6znk,320x50,10/05/2023
ELOKENCE_AkinatorFree_Android_allDevices_banner_W_bs-320x53_Blue,0.26,g8cy68,g8cy68,320x50,10/05/2023
ELOKENCE_AkinatorFree_Android_allDevices_banner_W_bs-320x53_Blue,0.27,1fqwz5s,1fqwz5s,320x50,10/05/2023
ELOKENCE_AkinatorFree_Android_allDevices_banner_W_bs-320x53_Blue,0.28,p3zyf4,p3zyf4,320x50,10/05/2023
ELOKENCE_AkinatorFree_Android_allDevices_banner_W_bs-320x53_Blue,0.29,1omjzeo,1omjzeo,320x50,10/05/2023
ELOKENCE_AkinatorFree_Android_allDevices_banner_W_bs-320x53_Blue,0.3,7cpxxc,7cpxxc,320x50,10/05/2023
ELOKENCE_AkinatorFree_Android_allDevices_banner_W_bs-320x53_Blue,0.31,16v9yww,16v9yww,320x50,10/05/2023
ELOKENCE_AkinatorFree_Android_allDevices_banner_W_bs-320x53_Blue,0.32,sfv30g,sfv30g,320x50,10/05/2023
ELOKENCE_AkinatorFree_Android_allDevices_banner_W_bs-320x53_Blue,0.33,1ryf400,1ryf400,320x50,10/05/2023
ELOKENCE_AkinatorFree_Android_allDevices_banner_W_bs-320x53_Blue,0.34,aol2io,aol2io,320x50,10/05/2023
ELOKENCE_AkinatorFree_Android_allDevices_banner_W_bs-320x53_Blue,0.35,1a753i8,1a753i8,320x50,10/05/2023
ELOKENCE_AkinatorFree_Android_allDevices_banner_W_bs-320x53_Blue,0.36,jk82rk,jk82rk,320x50,10/05/2023
ELOKENCE_AkinatorFree_Android_allDevices_banner_W_bs-320x53_Blue,0.37,1j2s3r4,1j2s3r4,320x50,10/05/2023
ELOKENCE_AkinatorFree_Android_allDevices_banner_W_bs-320x53_Blue,0.38,1sy29s,1sy29s,320x50,10/05/2023
ELOKENCE_AkinatorFree_Android_allDevices_banner_W_bs-320x53_Blue,0.39,11bi39c,11bi39c,320x50,10/05/2023
ELOKENCE_AkinatorFree_Android_allDevices_banner_W_bs-320x53_Blue,0.4,wvol4w,wvol4w,320x50,10/05/2023
ELOKENCE_AkinatorFree_Android_allDevices_banner_W_bs-320x53_Blue,0.41,1we8m4g,1we8m4g,320x50,10/05/2023
ELOKENCE_AkinatorFree_Android_allDevices_banner_W_bs-320x53_Blue,0.42,f4ekn4,f4ekn4,320x50,10/05/2023
ELOKENCE_AkinatorFree_Android_allDevices_banner_W_bs-320x53_Blue,0.43,1emylmo,1emylmo,320x50,10/05/2023
ELOKENCE_AkinatorFree_Android_allDevices_banner_W_bs-320x53_Blue,0.44,o01kw0,o01kw0,320x50,10/05/2023
ELOKENCE_AkinatorFree_Android_allDevices_banner_W_bs-320x53_Blue,0.45,1nillvk,1nillvk,320x50,10/05/2023
ELOKENCE_AkinatorFree_Android_allDevices_banner_W_bs-320x53_Blue,0.46,68rke8,68rke8,320x50,10/05/2023
ELOKENCE_AkinatorFree_Android_allDevices_banner_W_bs-320x53_Blue,0.47,15rblds,15rblds,320x50,10/05/2023
ELOKENCE_AkinatorFree_Android_allDevices_banner_W_bs-320x53_Blue,0.48,unru2o,unru2o,320x50,10/05/2023
ELOKENCE_AkinatorFree_Android_allDevices_banner_W_bs-320x53_Blue,0.49,1u6bv28,1u6bv28,320x50,10/05/2023
ELOKENCE_AkinatorFree_Android_allDevices_banner_W_bs-320x53_Blue,0.5,cwhtkw,cwhtkw,320x50,10/05/2023
ELOKENCE_AkinatorFree_Android_allDevices_banner_W_bs-320x53_Blue,0.51,1cf1ukg,1cf1ukg,320x50,10/05/2023
ELOKENCE_AkinatorFree_Android_allDevices_banner_W_bs-320x53_Blue,0.52,ls4tts,ls4tts,320x50,10/05/2023
ELOKENCE_AkinatorFree_Android_allDevices_banner_W_bs-320x53_Blue,0.53,1laoutc,1laoutc,320x50,10/05/2023
ELOKENCE_AkinatorFree_Android_allDevices_banner_W_bs-320x53_Blue,0.54,40utc0,40utc0,320x50,10/05/2023
ELOKENCE_AkinatorFree_Android_allDevices_banner_W_bs-320x53_Blue,0.55,13jeubk,13jeubk,320x50,10/05/2023
ELOKENCE_AkinatorFree_Android_allDevices_banner_W_bs-320x53_Blue,0.56,z3lc74,z3lc74,320x50,10/05/2023
ELOKENCE_AkinatorFree_Android_allDevices_banner_W_bs-320x53_Blue,0.57,1ym5d6o,1ym5d6o,320x50,10/05/2023
ELOKENCE_AkinatorFree_Android_allDevices_banner_W_bs-320x53_Blue,0.58,hcbbpc,hcbbpc,320x50,10/05/2023
ELOKENCE_AkinatorFree_Android_allDevices_banner_W_bs-320x53_Blue,0.59,1guvcow,1guvcow,320x50,10/05/2023
ELOKENCE_AkinatorFree_Android_allDevices_banner_W_bs-320x53_Blue,0.6,q7yby8,q7yby8,320x50,10/05/2023
ELOKENCE_AkinatorFree_Android_allDevices_banner_W_bs-320x53_Blue,0.61,1pqicxs,1pqicxs,320x50,10/05/2023
ELOKENCE_AkinatorFree_Android_allDevices_banner_W_bs-320x53_Blue,0.62,8gobgg,8gobgg,320x50,10/05/2023
ELOKENCE_AkinatorFree_Android_allDevices_banner_W_bs-320x53_Blue,0.63,17z8cg0,17z8cg0,320x50,10/05/2023
ELOKENCE_AkinatorFree_Android_allDevices_banner_W_bs-320x53_Blue,0.64,qrxips,qrxips,320x50,10/05/2023
ELOKENCE_AkinatorFree_Android_allDevices_banner_W_bs-320x53_Blue,0.65,1qahjpc,1qahjpc,320x50,10/05/2023
ELOKENCE_AkinatorFree_Android_allDevices_banner_W_bs-320x53_Blue,0.66,90ni80,90ni80,320x50,10/05/2023
ELOKENCE_AkinatorFree_Android_allDevices_banner_W_bs-320x53_Blue,0.67,18j7j7k,18j7j7k,320x50,10/05/2023
ELOKENCE_AkinatorFree_Android_allDevices_banner_W_bs-320x53_Blue,0.68,hwaigw,hwaigw,320x50,10/05/2023
ELOKENCE_AkinatorFree_Android_allDevices_banner_W_bs-320x53_Blue,0.69,1heujgg,1heujgg,320x50,10/05/2023
ELOKENCE_AkinatorFree_Android_allDevices_banner_W_bs-320x53_Blue,0.7,50hz4,50hz4,320x50,10/05/2023
ELOKENCE_AkinatorFree_Android_allDevices_banner_W_bs-320x53_Blue,0.71,znkiyo,znkiyo,320x50,10/05/2023
ELOKENCE_AkinatorFree_Android_allDevices_banner_W_bs-320x53_Blue,0.72,v7r0u8,v7r0u8,320x50,10/05/2023
ELOKENCE_AkinatorFree_Android_allDevices_banner_W_bs-320x53_Blue,0.73,1uqb1ts,1uqb1ts,320x50,10/05/2023
ELOKENCE_AkinatorFree_Android_allDevices_banner_W_bs-320x53_Blue,0.74,dgh0cg,dgh0cg,320x50,10/05/2023
ELOKENCE_AkinatorFree_Android_allDevices_banner_W_bs-320x53_Blue,0.75,1cz11c0,1cz11c0,320x50,10/05/2023
ELOKENCE_AkinatorFree_Android_allDevices_banner_W_bs-320x53_Blue,0.76,mc40lc,mc40lc,320x50,10/05/2023
ELOKENCE_AkinatorFree_Android_allDevices_banner_W_bs-320x53_Blue,0.77,1luo1kw,1luo1kw,320x50,10/05/2023
ELOKENCE_AkinatorFree_Android_allDevices_banner_W_bs-320x53_Blue,0.78,4ku03k,4ku03k,320x50,10/05/2023
ELOKENCE_AkinatorFree_Android_allDevices_banner_W_bs-320x53_Blue,0.79,143e134,143e134,320x50,10/05/2023
ELOKENCE_AkinatorFree_Android_allDevices_banner_W_bs-320x53_Blue,0.8,szu9s0,szu9s0,320x50,10/05/2023
ELOKENCE_AkinatorFree_Android_allDevices_banner_W_bs-320x53_Blue,0.81,1sieark,1sieark,320x50,10/05/2023
ELOKENCE_AkinatorFree_Android_allDevices_banner_W_bs-320x53_Blue,0.82,b8k9a8,b8k9a8,320x50,10/05/2023
ELOKENCE_AkinatorFree_Android_allDevices_banner_W_bs-320x53_Blue,0.83,1ar4a9s,1ar4a9s,320x50,10/05/2023
ELOKENCE_AkinatorFree_Android_allDevices_banner_W_bs-320x53_Blue,0.84,k479j4,k479j4,320x50,10/05/2023
ELOKENCE_AkinatorFree_Android_allDevices_banner_W_bs-320x53_Blue,0.85,1jmraio,1jmraio,320x50,10/05/2023
ELOKENCE_AkinatorFree_Android_allDevices_banner_W_bs-320x53_Blue,0.86,2cx91c,2cx91c,320x50,10/05/2023
ELOKENCE_AkinatorFree_Android_allDevices_banner_W_bs-320x53_Blue,0.87,11vha0w,11vha0w,320x50,10/05/2023
ELOKENCE_AkinatorFree_Android_allDevices_banner_W_bs-320x53_Blue,0.88,xfnrwg,xfnrwg,320x50,10/05/2023
ELOKENCE_AkinatorFree_Android_allDevices_banner_W_bs-320x53_Blue,0.89,1wy7sw0,1wy7sw0,320x50,10/05/2023
ELOKENCE_AkinatorFree_Android_allDevices_banner_W_bs-320x53_Blue,0.9,fodreo,fodreo,320x50,10/05/2023
ELOKENCE_AkinatorFree_Android_allDevices_banner_W_bs-320x53_Blue,0.91,1f6xse8,1f6xse8,320x50,10/05/2023
ELOKENCE_AkinatorFree_Android_allDevices_banner_W_bs-320x53_Blue,0.92,ok0rnk,ok0rnk,320x50,10/05/2023
ELOKENCE_AkinatorFree_Android_allDevices_banner_W_bs-320x53_Blue,0.93,1o2ksn4,1o2ksn4,320x50,10/05/2023
ELOKENCE_AkinatorFree_Android_allDevices_banner_W_bs-320x53_Blue,0.94,6sqr5s,6sqr5s,320x50,10/05/2023
ELOKENCE_AkinatorFree_Android_allDevices_banner_W_bs-320x53_Blue,0.95,16bas5c,16bas5c,320x50,10/05/2023
ELOKENCE_AkinatorFree_Android_allDevices_banner_W_bs-320x53_Blue,0.96,rvvw8w,rvvw8w,320x50,10/05/2023
ELOKENCE_AkinatorFree_Android_allDevices_banner_W_bs-320x53_Blue,0.97,1refx8g,1refx8g,320x50,10/05/2023
ELOKENCE_AkinatorFree_Android_allDevices_banner_W_bs-320x53_Blue,0.98,a4lvr4,a4lvr4,320x50,10/05/2023
ELOKENCE_AkinatorFree_Android_allDevices_banner_W_bs-320x53_Blue,0.99,19n5wqo,19n5wqo,320x50,10/05/2023
ELOKENCE_AkinatorFree_Android_allDevices_banner_W_bs-320x53_Blue,1.0,j08w00,j08w00,320x50,10/05/2023
ELOKENCE_AkinatorFree_Android_allDevices_banner_W_bs-320x53_Blue,1.01,1iiswzk,1iiswzk,320x50,10/05/2023
ELOKENCE_AkinatorFree_Android_allDevices_banner_W_bs-320x53_Blue,1.02,18yvi8,18yvi8,320x50,10/05/2023
ELOKENCE_AkinatorFree_Android_allDevices_banner_W_bs-320x53_Blue,1.03,10riwhs,10riwhs,320x50,10/05/2023
ELOKENCE_AkinatorFree_Android_allDevices_banner_W_bs-320x53_Blue,1.04,wbpedc,wbpedc,320x50,10/05/2023
ELOKENCE_AkinatorFree_Android_allDevices_banner_W_bs-320x53_Blue,1.05,1vu9fcw,1vu9fcw,320x50,10/05/2023
ELOKENCE_AkinatorFree_Android_allDevices_banner_W_bs-320x53_Blue,1.06,ekfdvk,ekfdvk,320x50,10/05/2023
ELOKENCE_AkinatorFree_Android_allDevices_banner_W_bs-320x53_Blue,1.07,1e2zev4,1e2zev4,320x50,10/05/2023
ELOKENCE_AkinatorFree_Android_allDevices_banner_W_bs-320x53_Blue,1.08,ng2e4g,ng2e4g,320x50,10/05/2023
ELOKENCE_AkinatorFree_Android_allDevices_banner_W_bs-320x53_Blue,1.09,1mymf40,1mymf40,320x50,10/05/2023
ELOKENCE_AkinatorFree_Android_allDevices_banner_W_bs-320x53_Blue,1.1,5osdmo,5osdmo,320x50,10/05/2023
ELOKENCE_AkinatorFree_Android_allDevices_banner_W_bs-320x53_Blue,1.11,157cem8,157cem8,320x50,10/05/2023
ELOKENCE_AkinatorFree_Android_allDevices_banner_W_bs-320x53_Blue,1.12,u3snb4,u3snb4,320x50,10/05/2023
ELOKENCE_AkinatorFree_Android_allDevices_banner_W_bs-320x53_Blue,1.13,1tmcoao,1tmcoao,320x50,10/05/2023
ELOKENCE_AkinatorFree_Android_allDevices_banner_W_bs-320x53_Blue,1.14,ccimtc,ccimtc,320x50,10/05/2023
ELOKENCE_AkinatorFree_Android_allDevices_banner_W_bs-320x53_Blue,1.15,1bv2nsw,1bv2nsw,320x50,10/05/2023
ELOKENCE_AkinatorFree_Android_allDevices_banner_W_bs-320x53_Blue,1.16,l85n28,l85n28,320x50,10/05/2023
ELOKENCE_AkinatorFree_Android_allDevices_banner_W_bs-320x53_Blue,1.17,1kqpo1s,1kqpo1s,320x50,10/05/2023
ELOKENCE_AkinatorFree_Android_allDevices_banner_W_bs-320x53_Blue,1.18,3gvmkg,3gvmkg,320x50,10/05/2023
ELOKENCE_AkinatorFree_Android_allDevices_banner_W_bs-320x53_Blue,1.19,12zfnk0,12zfnk0,320x50,10/05/2023
ELOKENCE_AkinatorFree_Android_allDevices_banner_W_bs-320x53_Blue,1.2,yjm5fk,yjm5fk,320x50,10/05/2023
ELOKENCE_AkinatorFree_Android_allDevices_banner_W_bs-320x53_Blue,1.21,1y266f4,1y266f4,320x50,10/05/2023
ELOKENCE_AkinatorFree_Android_allDevices_banner_W_bs-320x53_Blue,1.22,gsc4xs,gsc4xs,320x50,10/05/2023
ELOKENCE_AkinatorFree_Android_allDevices_banner_W_bs-320x53_Blue,1.23,1gaw5xc,1gaw5xc,320x50,10/05/2023
ELOKENCE_AkinatorFree_Android_allDevices_banner_W_bs-320x53_Blue,1.24,pnz56o,pnz56o,320x50,10/05/2023
ELOKENCE_AkinatorFree_Android_allDevices_banner_W_bs-320x53_Blue,1.25,1p6j668,1p6j668,320x50,10/05/2023
ELOKENCE_AkinatorFree_Android_allDevices_banner_W_bs-320x53_Blue,1.26,7wp4ow,7wp4ow,320x50,10/05/2023
ELOKENCE_AkinatorFree_Android_allDevices_banner_W_bs-320x53_Blue,1.27,17f95og,17f95og,320x50,10/05/2023
ELOKENCE_AkinatorFree_Android_allDevices_banner_W_bs-320x53_Blue,1.28,rlwav4,rlwav4,320x50,10/05/2023
ELOKENCE_AkinatorFree_Android_allDevices_banner_W_bs-320x53_Blue,1.29,1r4gbuo,1r4gbuo,320x50,10/05/2023
ELOKENCE_AkinatorFree_Android_allDevices_banner_W_bs-320x53_Blue,1.3,9umadc,9umadc,320x50,10/05/2023
ELOKENCE_AkinatorFree_Android_allDevices_banner_W_bs-320x53_Blue,1.31,19d6bcw,19d6bcw,320x50,10/05/2023
ELOKENCE_AkinatorFree_Android_allDevices_banner_W_bs-320x53_Blue,1.32,iq9am8,iq9am8,320x50,10/05/2023
ELOKENCE_AkinatorFree_Android_allDevices_banner_W_bs-320x53_Blue,1.33,1i8tbls,1i8tbls,320x50,10/05/2023
ELOKENCE_AkinatorFree_Android_allDevices_banner_W_bs-320x53_Blue,1.34,yza4g,yza4g,320x50,10/05/2023
ELOKENCE_AkinatorFree_Android_allDevices_banner_W_bs-320x53_Blue,1.35,10hjb40,10hjb40,320x50,10/05/2023
ELOKENCE_AkinatorFree_Android_allDevices_banner_W_bs-320x53_Blue,1.36,w1pszk,w1pszk,320x50,10/05/2023
ELOKENCE_AkinatorFree_Android_allDevices_banner_W_bs-320x53_Blue,1.37,1vk9tz4,1vk9tz4,320x50,10/05/2023
ELOKENCE_AkinatorFree_Android_allDevices_banner_W_bs-320x53_Blue,1.38,eafshs,eafshs,320x50,10/05/2023
ELOKENCE_AkinatorFree_Android_allDevices_banner_W_bs-320x53_Blue,1.39,1dszthc,1dszthc,320x50,10/05/2023
ELOKENCE_AkinatorFree_Android_allDevices_banner_W_bs-320x53_Blue,1.4,n62sqo,n62sqo,320x50,10/05/2023
ELOKENCE_AkinatorFree_Android_allDevices_banner_W_bs-320x53_Blue,1.41,1momtq8,1momtq8,320x50,10/05/2023
ELOKENCE_AkinatorFree_Android_allDevices_banner_W_bs-320x53_Blue,1.42,5ess8w,5ess8w,320x50,10/05/2023
ELOKENCE_AkinatorFree_Android_allDevices_banner_W_bs-320x53_Blue,1.43,14xct8g,14xct8g,320x50,10/05/2023
ELOKENCE_AkinatorFree_Android_allDevices_banner_W_bs-320x53_Blue,1.44,ttt1xc,ttt1xc,320x50,10/05/2023
ELOKENCE_AkinatorFree_Android_allDevices_banner_W_bs-320x53_Blue,1.45,1tcd2ww,1tcd2ww,320x50,10/05/2023
ELOKENCE_AkinatorFree_Android_allDevices_banner_W_bs-320x53_Blue,1.46,c2j1fk,c2j1fk,320x50,10/05/2023
ELOKENCE_AkinatorFree_Android_allDevices_banner_W_bs-320x53_Blue,1.47,1bl32f4,1bl32f4,320x50,10/05/2023
ELOKENCE_AkinatorFree_Android_allDevices_banner_W_bs-320x53_Blue,1.48,ky61og,ky61og,320x50,10/05/2023
ELOKENCE_AkinatorFree_Android_allDevices_banner_W_bs-320x53_Blue,1.49,1kgq2o0,1kgq2o0,320x50,10/05/2023
ELOKENCE_AkinatorFree_Android_allDevices_banner_W_bs-320x53_Blue,1.5,36w16o,36w16o,320x50,10/05/2023
ELOKENCE_AkinatorFree_Android_allDevices_banner_W_bs-320x53_Blue,1.51,12pg268,12pg268,320x50,10/05/2023
ELOKENCE_AkinatorFree_Android_allDevices_banner_W_bs-320x53_Blue,1.52,y9mk1s,y9mk1s,320x50,10/05/2023
ELOKENCE_AkinatorFree_Android_allDevices_banner_W_bs-320x53_Blue,1.53,1xs6l1c,1xs6l1c,320x50,10/05/2023
ELOKENCE_AkinatorFree_Android_allDevices_banner_W_bs-320x53_Blue,1.54,gicjk0,gicjk0,320x50,10/05/2023
ELOKENCE_AkinatorFree_Android_allDevices_banner_W_bs-320x53_Blue,1.55,1g0wkjk,1g0wkjk,320x50,10/05/2023
ELOKENCE_AkinatorFree_Android_allDevices_banner_W_bs-320x53_Blue,1.56,pdzjsw,pdzjsw,320x50,10/05/2023
ELOKENCE_AkinatorFree_Android_allDevices_banner_W_bs-320x53_Blue,1.57,1owjksg,1owjksg,320x50,10/05/2023
ELOKENCE_AkinatorFree_Android_allDevices_banner_W_bs-320x53_Blue,1.58,7mpjb4,7mpjb4,320x50,10/05/2023
ELOKENCE_AkinatorFree_Android_allDevices_banner_W_bs-320x53_Blue,1.59,1759kao,1759kao,320x50,10/05/2023
ELOKENCE_AkinatorFree_Android_allDevices_banner_W_bs-320x53_Blue,1.6,spuoe8,spuoe8,320x50,10/05/2023
ELOKENCE_AkinatorFree_Android_allDevices_banner_W_bs-320x53_Blue,1.61,1s8epds,1s8epds,320x50,10/05/2023
ELOKENCE_AkinatorFree_Android_allDevices_banner_W_bs-320x53_Blue,1.62,ayknwg,ayknwg,320x50,10/05/2023
ELOKENCE_AkinatorFree_Android_allDevices_banner_W_bs-320x53_Blue,1.63,1ah4ow0,1ah4ow0,320x50,10/05/2023
ELOKENCE_AkinatorFree_Android_allDevices_banner_W_bs-320x53_Blue,1.64,ju7o5c,ju7o5c,320x50,10/05/2023
ELOKENCE_AkinatorFree_Android_allDevices_banner_W_bs-320x53_Blue,1.65,1jcrp4w,1jcrp4w,320x50,10/05/2023
ELOKENCE_AkinatorFree_Android_allDevices_banner_W_bs-320x53_Blue,1.66,22xnnk,22xnnk,320x50,10/05/2023
ELOKENCE_AkinatorFree_Android_allDevices_banner_W_bs-320x53_Blue,1.67,11lhon4,11lhon4,320x50,10/05/2023
ELOKENCE_AkinatorFree_Android_allDevices_banner_W_bs-320x53_Blue,1.68,x5o6io,x5o6io,320x50,10/05/2023
ELOKENCE_AkinatorFree_Android_allDevices_banner_W_bs-320x53_Blue,1.69,1wo87i8,1wo87i8,320x50,10/05/2023
ELOKENCE_AkinatorFree_Android_allDevices_banner_W_bs-320x53_Blue,1.7,fee60w,fee60w,320x50,10/05/2023
ELOKENCE_AkinatorFree_Android_allDevices_banner_W_bs-320x53_Blue,1.71,1ewy70g,1ewy70g,320x50,10/05/2023
ELOKENCE_AkinatorFree_Android_allDevices_banner_W_bs-320x53_Blue,1.72,oa169s,oa169s,320x50,10/05/2023
ELOKENCE_AkinatorFree_Android_allDevices_banner_W_bs-320x53_Blue,1.73,1nsl79c,1nsl79c,320x50,10/05/2023
ELOKENCE_AkinatorFree_Android_allDevices_banner_W_bs-320x53_Blue,1.74,6ir5s0,6ir5s0,320x50,10/05/2023
ELOKENCE_AkinatorFree_Android_allDevices_banner_W_bs-320x53_Blue,1.75,161b6rk,161b6rk,320x50,10/05/2023
ELOKENCE_AkinatorFree_Android_allDevices_banner_W_bs-320x53_Blue,1.76,uxrfgg,uxrfgg,320x50,10/05/2023
ELOKENCE_AkinatorFree_Android_allDevices_banner_W_bs-320x53_Blue,1.77,1ugbgg0,1ugbgg0,320x50,10/05/2023
ELOKENCE_AkinatorFree_Android_allDevices_banner_W_bs-320x53_Blue,1.78,d6heyo,d6heyo,320x50,10/05/2023
ELOKENCE_AkinatorFree_Android_allDevices_banner_W_bs-320x53_Blue,1.79,1cp1fy8,1cp1fy8,320x50,10/05/2023
ELOKENCE_AkinatorFree_Android_allDevices_banner_W_bs-320x53_Blue,1.8,m24f7k,m24f7k,320x50,10/05/2023
ELOKENCE_AkinatorFree_Android_allDevices_banner_W_bs-320x53_Blue,1.81,1lkog74,1lkog74,320x50,10/05/2023
ELOKENCE_AkinatorFree_Android_allDevices_banner_W_bs-320x53_Blue,1.82,4aueps,4aueps,320x50,10/05/2023
ELOKENCE_AkinatorFree_Android_allDevices_banner_W_bs-320x53_Blue,1.83,13tefpc,13tefpc,320x50,10/05/2023
ELOKENCE_AkinatorFree_Android_allDevices_banner_W_bs-320x53_Blue,1.84,zdkxkw,zdkxkw,320x50,10/05/2023
ELOKENCE_AkinatorFree_Android_allDevices_banner_W_bs-320x53_Blue,1.85,1yw4ykg,1yw4ykg,320x50,10/05/2023
ELOKENCE_AkinatorFree_Android_allDevices_banner_W_bs-320x53_Blue,1.86,hmax34,hmax34,320x50,10/05/2023
ELOKENCE_AkinatorFree_Android_allDevices_banner_W_bs-320x53_Blue,1.87,1h4uy2o,1h4uy2o,320x50,10/05/2023
ELOKENCE_AkinatorFree_Android_allDevices_banner_W_bs-320x53_Blue,1.88,qhxxc0,qhxxc0,320x50,10/05/2023
ELOKENCE_AkinatorFree_Android_allDevices_banner_W_bs-320x53_Blue,1.89,1q0hybk,1q0hybk,320x50,10/05/2023
ELOKENCE_AkinatorFree_Android_allDevices_banner_W_bs-320x53_Blue,1.9,8qnwu8,8qnwu8,320x50,10/05/2023
ELOKENCE_AkinatorFree_Android_allDevices_banner_W_bs-320x53_Blue,1.91,1897xts,1897xts,320x50,10/05/2023
ELOKENCE_AkinatorFree_Android_allDevices_banner_W_bs-320x53_Blue,1.92,r1x43k,r1x43k,320x50,10/05/2023
ELOKENCE_AkinatorFree_Android_allDevices_banner_W_bs-320x53_Blue,1.93,1qkh534,1qkh534,320x50,10/05/2023
ELOKENCE_AkinatorFree_Android_allDevices_banner_W_bs-320x53_Blue,1.94,9an3ls,9an3ls,320x50,10/05/2023
ELOKENCE_AkinatorFree_Android_allDevices_banner_W_bs-320x53_Blue,1.95,18t74lc,18t74lc,320x50,10/05/2023
ELOKENCE_AkinatorFree_Android_allDevices_banner_W_bs-320x53_Blue,1.96,i6a3uo,i6a3uo,320x50,10/05/2023
ELOKENCE_AkinatorFree_Android_allDevices_banner_W_bs-320x53_Blue,1.97,1hou4u8,1hou4u8,320x50,10/05/2023
ELOKENCE_AkinatorFree_Android_allDevices_banner_W_bs-320x53_Blue,1.98,f03cw,f03cw,320x50,10/05/2023
ELOKENCE_AkinatorFree_Android_allDevices_banner_W_bs-320x53_Blue,1.99,zxk4cg,zxk4cg,320x50,10/05/2023
ELOKENCE_AkinatorFree_Android_allDevices_banner_W_bs-320x53_Blue,2.0,vhqm80,vhqm80,320x50,10/05/2023
ELOKENCE_AkinatorFree_Android_allDevices_banner_W_bs-320x53_Blue,2.01,1v0an7k,1v0an7k,320x50,10/05/2023
ELOKENCE_AkinatorFree_Android_allDevices_banner_W_bs-320x53_Blue,2.02,dqglq8,dqglq8,320x50,10/05/2023
ELOKENCE_AkinatorFree_Android_allDevices_banner_W_bs-320x53_Blue,2.03,1d90mps,1d90mps,320x50,10/05/2023
ELOKENCE_AkinatorFree_Android_allDevices_banner_W_bs-320x53_Blue,2.04,mm3lz4,mm3lz4,320x50,10/05/2023
ELOKENCE_AkinatorFree_Android_allDevices_banner_W_bs-320x53_Blue,2.05,1m4nmyo,1m4nmyo,320x50,10/05/2023
ELOKENCE_AkinatorFree_Android_allDevices_banner_W_bs-320x53_Blue,2.06,4utlhc,4utlhc,320x50,10/05/2023
ELOKENCE_AkinatorFree_Android_allDevices_banner_W_bs-320x53_Blue,2.07,14ddmgw,14ddmgw,320x50,10/05/2023
ELOKENCE_AkinatorFree_Android_allDevices_banner_W_bs-320x53_Blue,2.08,t9tv5s,t9tv5s,320x50,10/05/2023
ELOKENCE_AkinatorFree_Android_allDevices_banner_W_bs-320x53_Blue,2.09,1ssdw5c,1ssdw5c,320x50,10/05/2023
ELOKENCE_AkinatorFree_Android_allDevices_banner_W_bs-320x53_Blue,2.1,bijuo0,bijuo0,320x50,10/05/2023
ELOKENCE_AkinatorFree_Android_allDevices_banner_W_bs-320x53_Blue,2.11,1b13vnk,1b13vnk,320x50,10/05/2023
ELOKENCE_AkinatorFree_Android_allDevices_banner_W_bs-320x53_Blue,2.12,ke6uww,ke6uww,320x50,10/05/2023
ELOKENCE_AkinatorFree_Android_allDevices_banner_W_bs-320x53_Blue,2.13,1jwqvwg,1jwqvwg,320x50,10/05/2023
ELOKENCE_AkinatorFree_Android_allDevices_banner_W_bs-320x53_Blue,2.14,2mwuf4,2mwuf4,320x50,10/05/2023
ELOKENCE_AkinatorFree_Android_allDevices_banner_W_bs-320x53_Blue,2.15,125gveo,125gveo,320x50,10/05/2023
ELOKENCE_AkinatorFree_Android_allDevices_banner_W_bs-320x53_Blue,2.16,xpnda8,xpnda8,320x50,10/05/2023
ELOKENCE_AkinatorFree_Android_allDevices_banner_W_bs-320x53_Blue,2.17,1x87e9s,1x87e9s,320x50,10/05/2023
ELOKENCE_AkinatorFree_Android_allDevices_banner_W_bs-320x53_Blue,2.18,fydcsg,fydcsg,320x50,10/05/2023
ELOKENCE_AkinatorFree_Android_allDevices_banner_W_bs-320x53_Blue,2.19,1fgxds0,1fgxds0,320x50,10/05/2023
ELOKENCE_AkinatorFree_Android_allDevices_banner_W_bs-320x53_Blue,2.2,ou0d1c,ou0d1c,320x50,10/05/2023
ELOKENCE_AkinatorFree_Android_allDevices_banner_W_bs-320x53_Blue,2.21,1ocke0w,1ocke0w,320x50,10/05/2023
ELOKENCE_AkinatorFree_Android_allDevices_banner_W_bs-320x53_Blue,2.22,72qcjk,72qcjk,320x50,10/05/2023
ELOKENCE_AkinatorFree_Android_allDevices_banner_W_bs-320x53_Blue,2.23,16ladj4,16ladj4,320x50,10/05/2023
ELOKENCE_AkinatorFree_Android_allDevices_banner_W_bs-320x53_Blue,2.24,s5vhmo,s5vhmo,320x50,10/05/2023
ELOKENCE_AkinatorFree_Android_allDevices_banner_W_bs-320x53_Blue,2.25,1rofim8,1rofim8,320x50,10/05/2023
ELOKENCE_AkinatorFree_Android_allDevices_banner_W_bs-320x53_Blue,2.26,aelh4w,aelh4w,320x50,10/05/2023
ELOKENCE_AkinatorFree_Android_allDevices_banner_W_bs-320x53_Blue,2.27,19x5i4g,19x5i4g,320x50,10/05/2023
ELOKENCE_AkinatorFree_Android_allDevices_banner_W_bs-320x53_Blue,2.28,ja8hds,ja8hds,320x50,10/05/2023
ELOKENCE_AkinatorFree_Android_allDevices_banner_W_bs-320x53_Blue,2.29,1issidc,1issidc,320x50,10/05/2023
ELOKENCE_AkinatorFree_Android_allDevices_banner_W_bs-320x53_Blue,2.3,1iygw0,1iygw0,320x50,10/05/2023
ELOKENCE_AkinatorFree_Android_allDevices_banner_W_bs-320x53_Blue,2.31,111ihvk,111ihvk,320x50,10/05/2023
ELOKENCE_AkinatorFree_Android_allDevices_banner_W_bs-320x53_Blue,2.32,wlozr4,wlozr4,320x50,10/05/2023
ELOKENCE_AkinatorFree_Android_allDevices_banner_W_bs-320x53_Blue,2.33,1w490qo,1w490qo,320x50,10/05/2023
ELOKENCE_AkinatorFree_Android_allDevices_banner_W_bs-320x53_Blue,2.34,euez9c,euez9c,320x50,10/05/2023
ELOKENCE_AkinatorFree_Android_allDevices_banner_W_bs-320x53_Blue,2.35,1ecz08w,1ecz08w,320x50,10/05/2023
ELOKENCE_AkinatorFree_Android_allDevices_banner_W_bs-320x53_Blue,2.36,nq1zi8,nq1zi8,320x50,10/05/2023
ELOKENCE_AkinatorFree_Android_allDevices_banner_W_bs-320x53_Blue,2.37,1n8m0hs,1n8m0hs,320x50,10/05/2023
ELOKENCE_AkinatorFree_Android_allDevices_banner_W_bs-320x53_Blue,2.38,5yrz0g,5yrz0g,320x50,10/05/2023
ELOKENCE_AkinatorFree_Android_allDevices_banner_W_bs-320x53_Blue,2.39,15hc000,15hc000,320x50,10/05/2023
ELOKENCE_AkinatorFree_Android_allDevices_banner_W_bs-320x53_Blue,2.4,uds8ow,uds8ow,320x50,10/05/2023
ELOKENCE_AkinatorFree_Android_allDevices_banner_W_bs-320x53_Blue,2.41,1twc9og,1twc9og,320x50,10/05/2023
ELOKENCE_AkinatorFree_Android_allDevices_banner_W_bs-320x53_Blue,2.42,cmi874,cmi874,320x50,10/05/2023
ELOKENCE_AkinatorFree_Android_allDevices_banner_W_bs-320x53_Blue,2.43,1c5296o,1c5296o,320x50,10/05/2023
ELOKENCE_AkinatorFree_Android_allDevices_banner_W_bs-320x53_Blue,2.44,li58g0,li58g0,320x50,10/05/2023
ELOKENCE_AkinatorFree_Android_allDevices_banner_W_bs-320x53_Blue,2.45,1l0p9fk,1l0p9fk,320x50,10/05/2023
ELOKENCE_AkinatorFree_Android_allDevices_banner_W_bs-320x53_Blue,2.46,3qv7y8,3qv7y8,320x50,10/05/2023
ELOKENCE_AkinatorFree_Android_allDevices_banner_W_bs-320x53_Blue,2.47,139f8xs,139f8xs,320x50,10/05/2023
ELOKENCE_AkinatorFree_Android_allDevices_banner_W_bs-320x53_Blue,2.48,ytlqtc,ytlqtc,320x50,10/05/2023
ELOKENCE_AkinatorFree_Android_allDevices_banner_W_bs-320x53_Blue,2.49,1yc5rsw,1yc5rsw,320x50,10/05/2023
ELOKENCE_AkinatorFree_Android_allDevices_banner_W_bs-320x53_Blue,2.5,h2bqbk,h2bqbk,320x50,10/05/2023
ELOKENCE_AkinatorFree_Android_allDevices_banner_W_bs-320x53_Blue,2.51,1gkvrb4,1gkvrb4,320x50,10/05/2023
ELOKENCE_AkinatorFree_Android_allDevices_banner_W_bs-320x53_Blue,2.52,pxyqkg,pxyqkg,320x50,10/05/2023
ELOKENCE_AkinatorFree_Android_allDevices_banner_W_bs-320x53_Blue,2.53,1pgirk0,1pgirk0,320x50,10/05/2023
ELOKENCE_AkinatorFree_Android_allDevices_banner_W_bs-320x53_Blue,2.54,86oq2o,86oq2o,320x50,10/05/2023
ELOKENCE_AkinatorFree_Android_allDevices_banner_W_bs-320x53_Blue,2.55,17p8r28,17p8r28,320x50,10/05/2023
ELOKENCE_AkinatorFree_Android_allDevices_banner_W_bs-320x53_Blue,2.56,r6wwsg,r6wwsg,320x50,10/05/2023
ELOKENCE_AkinatorFree_Android_allDevices_banner_W_bs-320x53_Blue,2.57,1qpgxs0,1qpgxs0,320x50,10/05/2023
ELOKENCE_AkinatorFree_Android_allDevices_banner_W_bs-320x53_Blue,2.58,9fmwao,9fmwao,320x50,10/05/2023
ELOKENCE_AkinatorFree_Android_allDevices_banner_W_bs-320x53_Blue,2.59,18y6xa8,18y6xa8,320x50,10/05/2023
ELOKENCE_AkinatorFree_Android_allDevices_banner_W_bs-320x53_Blue,2.6,ib9wjk,ib9wjk,320x50,10/05/2023
ELOKENCE_AkinatorFree_Android_allDevices_banner_W_bs-320x53_Blue,2.61,1httxj4,1httxj4,320x50,10/05/2023
ELOKENCE_AkinatorFree_Android_allDevices_banner_W_bs-320x53_Blue,2.62,jzw1s,jzw1s,320x50,10/05/2023
ELOKENCE_AkinatorFree_Android_allDevices_banner_W_bs-320x53_Blue,2.63,102jx1c,102jx1c,320x50,10/05/2023
ELOKENCE_AkinatorFree_Android_allDevices_banner_W_bs-320x53_Blue,2.64,vmqeww,vmqeww,320x50,10/05/2023
ELOKENCE_AkinatorFree_Android_allDevices_banner_W_bs-320x53_Blue,2.65,1v5afwg,1v5afwg,320x50,10/05/2023
ELOKENCE_AkinatorFree_Android_allDevices_banner_W_bs-320x53_Blue,2.66,dvgef4,dvgef4,320x50,10/05/2023
ELOKENCE_AkinatorFree_Android_allDevices_banner_W_bs-320x53_Blue,2.67,1de0feo,1de0feo,320x50,10/05/2023
ELOKENCE_AkinatorFree_Android_allDevices_banner_W_bs-320x53_Blue,2.68,mr3eo0,mr3eo0,320x50,10/05/2023
ELOKENCE_AkinatorFree_Android_allDevices_banner_W_bs-320x53_Blue,2.69,1m9nfnk,1m9nfnk,320x50,10/05/2023
ELOKENCE_AkinatorFree_Android_allDevices_banner_W_bs-320x53_Blue,2.7,4zte68,4zte68,320x50,10/05/2023
ELOKENCE_AkinatorFree_Android_allDevices_banner_W_bs-320x53_Blue,2.71,14idf5s,14idf5s,320x50,10/05/2023
ELOKENCE_AkinatorFree_Android_allDevices_banner_W_bs-320x53_Blue,2.72,tetnuo,tetnuo,320x50,10/05/2023
ELOKENCE_AkinatorFree_Android_allDevices_banner_W_bs-320x53_Blue,2.73,1sxdou8,1sxdou8,320x50,10/05/2023
ELOKENCE_AkinatorFree_Android_allDevices_banner_W_bs-320x53_Blue,2.74,bnjncw,bnjncw,320x50,10/05/2023
ELOKENCE_AkinatorFree_Android_allDevices_banner_W_bs-320x53_Blue,2.75,1b63ocg,1b63ocg,320x50,10/05/2023
ELOKENCE_AkinatorFree_Android_allDevices_banner_W_bs-320x53_Blue,2.76,kj6nls,kj6nls,320x50,10/05/2023
ELOKENCE_AkinatorFree_Android_allDevices_banner_W_bs-320x53_Blue,2.77,1k1qolc,1k1qolc,320x50,10/05/2023
ELOKENCE_AkinatorFree_Android_allDevices_banner_W_bs-320x53_Blue,2.78,2rwn40,2rwn40,320x50,10/05/2023
ELOKENCE_AkinatorFree_Android_allDevices_banner_W_bs-320x53_Blue,2.79,12ago3k,12ago3k,320x50,10/05/2023
ELOKENCE_AkinatorFree_Android_allDevices_banner_W_bs-320x53_Blue,2.8,xun5z4,xun5z4,320x50,10/05/2023
ELOKENCE_AkinatorFree_Android_allDevices_banner_W_bs-320x53_Blue,2.81,1xd76yo,1xd76yo,320x50,10/05/2023
ELOKENCE_AkinatorFree_Android_allDevices_banner_W_bs-320x53_Blue,2.82,g3d5hc,g3d5hc,320x50,10/05/2023
ELOKENCE_AkinatorFree_Android_allDevices_banner_W_bs-320x53_Blue,2.83,1flx6gw,1flx6gw,320x50,10/05/2023
ELOKENCE_AkinatorFree_Android_allDevices_banner_W_bs-320x53_Blue,2.84,oz05q8,oz05q8,320x50,10/05/2023
ELOKENCE_AkinatorFree_Android_allDevices_banner_W_bs-320x53_Blue,2.85,1ohk6ps,1ohk6ps,320x50,10/05/2023
ELOKENCE_AkinatorFree_Android_allDevices_banner_W_bs-320x53_Blue,2.86,77q58g,77q58g,320x50,10/05/2023
ELOKENCE_AkinatorFree_Android_allDevices_banner_W_bs-320x53_Blue,2.87,16qa680,16qa680,320x50,10/05/2023
ELOKENCE_AkinatorFree_Android_allDevices_banner_W_bs-320x53_Blue,2.88,savabk,savabk,320x50,10/05/2023
ELOKENCE_AkinatorFree_Android_allDevices_banner_W_bs-320x53_Blue,2.89,1rtfbb4,1rtfbb4,320x50,10/05/2023
ELOKENCE_AkinatorFree_Android_allDevices_banner_W_bs-320x53_Blue,2.9,ajl9ts,ajl9ts,320x50,10/05/2023
ELOKENCE_AkinatorFree_Android_allDevices_banner_W_bs-320x53_Blue,2.91,1a25atc,1a25atc,320x50,10/05/2023
ELOKENCE_AkinatorFree_Android_allDevices_banner_W_bs-320x53_Blue,2.92,jf8a2o,jf8a2o,320x50,10/05/2023
ELOKENCE_AkinatorFree_Android_allDevices_banner_W_bs-320x53_Blue,2.93,1ixsb28,1ixsb28,320x50,10/05/2023
ELOKENCE_AkinatorFree_Android_allDevices_banner_W_bs-320x53_Blue,2.94,1ny9kw,1ny9kw,320x50,10/05/2023
ELOKENCE_AkinatorFree_Android_allDevices_banner_W_bs-320x53_Blue,2.95,116iakg,116iakg,320x50,10/05/2023
ELOKENCE_AkinatorFree_Android_allDevices_banner_W_bs-320x53_Blue,2.96,wqosg0,wqosg0,320x50,10/05/2023
ELOKENCE_AkinatorFree_Android_allDevices_banner_W_bs-320x53_Blue,2.97,1w98tfk,1w98tfk,320x50,10/05/2023
ELOKENCE_AkinatorFree_Android_allDevices_banner_W_bs-320x53_Blue,2.98,ezery8,ezery8,320x50,10/05/2023
ELOKENCE_AkinatorFree_Android_allDevices_banner_W_bs-320x53_Blue,2.99,1ehysxs,1ehysxs,320x50,10/05/2023
ELOKENCE_AkinatorFree_Android_allDevices_banner_W_bs-320x53_Blue,3.0,nv1s74,nv1s74,320x50,10/05/2023
ELOKENCE_AkinatorFree_Android_allDevices_banner_W_bs-320x53_Blue,3.05,1u1c2dc,1u1c2dc,320x50,10/05/2023
ELOKENCE_AkinatorFree_Android_allDevices_banner_W_bs-320x53_Blue,3.1,3vv0n4,3vv0n4,320x50,10/05/2023
ELOKENCE_AkinatorFree_Android_allDevices_banner_W_bs-320x53_Blue,3.15,1gpvk00,1gpvk00,320x50,10/05/2023
ELOKENCE_AkinatorFree_Android_allDevices_banner_W_bs-320x53_Blue,3.2,qmxq0w,qmxq0w,320x50,10/05/2023
ELOKENCE_AkinatorFree_Android_allDevices_banner_W_bs-320x53_Blue,3.25,1h9uqrk,1h9uqrk,320x50,10/05/2023
ELOKENCE_AkinatorFree_Android_allDevices_banner_W_bs-320x53_Blue,3.3,dbh7nk,dbh7nk,320x50,10/05/2023
ELOKENCE_AkinatorFree_Android_allDevices_banner_W_bs-320x53_Blue,3.35,13ye8e8,13ye8e8,320x50,10/05/2023
ELOKENCE_AkinatorFree_Android_allDevices_banner_W_bs-320x53_Blue,3.4,jz7gu8,jz7gu8,320x50,10/05/2023
ELOKENCE_AkinatorFree_Android_allDevices_banner_W_bs-320x53_Blue,3.45,1wt8074,1wt8074,320x50,10/05/2023
ELOKENCE_AkinatorFree_Android_allDevices_banner_W_bs-320x53_Blue,3.5,6nqygw,6nqygw,320x50,10/05/2023
ELOKENCE_AkinatorFree_Android_allDevices_banner_W_bs-320x53_Blue,3.55,19i641s,19i641s,320x50,10/05/2023
ELOKENCE_AkinatorFree_Android_allDevices_banner_W_bs-320x53_Blue,3.6,w6plog,w6plog,320x50,10/05/2023
ELOKENCE_AkinatorFree_Android_allDevices_banner_W_bs-320x53_Blue,3.65,1mtmmf4,1mtmmf4,320x50,10/05/2023
ELOKENCE_AkinatorFree_Android_allDevices_banner_W_bs-320x53_Blue,3.7,c7iu4g,c7iu4g,320x50,10/05/2023
ELOKENCE_AkinatorFree_Android_allDevices_banner_W_bs-320x53_Blue,3.75,12ufuv4,12ufuv4,320x50,10/05/2023
ELOKENCE_AkinatorFree_Android_allDevices_banner_W_bs-320x53_Blue,3.8,pizchs,pizchs,320x50,10/05/2023
ELOKENCE_AkinatorFree_Android_allDevices_banner_W_bs-320x53_Blue,3.85,1qzgj5s,1qzgj5s,320x50,10/05/2023
ELOKENCE_AkinatorFree_Android_allDevices_banner_W_bs-320x53_Blue,3.9,tzhfk,tzhfk,320x50,10/05/2023
ELOKENCE_AkinatorFree_Android_allDevices_banner_W_bs-320x53_Blue,3.95,1do00sg,1do00sg,320x50,10/05/2023
ELOKENCE_AkinatorFree_Android_allDevices_banner_W_bs-320x53_Blue,4.0,tot98g,tot98g,320x50,10/05/2023
ELOKENCE_AkinatorFree_Android_allDevices_banner_W_bs-320x53_Blue,4.05,1kbq9z4,1kbq9z4,320x50,10/05/2023
ELOKENCE_AkinatorFree_Android_allDevices_banner_W_bs-320x53_Blue,4.1,gdcqv4,gdcqv4,320x50,10/05/2023
ELOKENCE_AkinatorFree_Android_allDevices_banner_W_bs-320x53_Blue,4.15,1709rls,1709rls,320x50,10/05/2023
ELOKENCE_AkinatorFree_Android_allDevices_banner_W_bs-320x53_Blue,4.2,jp7vgg,jp7vgg,320x50,10/05/2023
ELOKENCE_AkinatorFree_Android_allDevices_banner_W_bs-320x53_Blue,4.25,1wj8etc,1wj8etc,320x50,10/05/2023
ELOKENCE_AkinatorFree_Android_allDevices_banner_W_bs-320x53_Blue,4.3,6drd34,6drd34,320x50,10/05/2023
ELOKENCE_AkinatorFree_Android_allDevices_banner_W_bs-320x53_Blue,4.35,1ck1n9c,1ck1n9c,320x50,10/05/2023
ELOKENCE_AkinatorFree_Android_allDevices_banner_W_bs-320x53_Blue,4.4,z8l4w0,z8l4w0,320x50,10/05/2023
ELOKENCE_AkinatorFree_Android_allDevices_banner_W_bs-320x53_Blue,4.45,1pvi5mo,1pvi5mo,320x50,10/05/2023
ELOKENCE_AkinatorFree_Android_allDevices_banner_W_bs-320x53_Blue,4.5,95naww,95naww,320x50,10/05/2023
ELOKENCE_AkinatorFree_Android_allDevices_banner_W_bs-320x53_Blue,4.55,zskbnk,zskbnk,320x50,10/05/2023
ELOKENCE_AkinatorFree_Android_allDevices_banner_W_bs-320x53_Blue,4.6,mh3ta8,mh3ta8,320x50,10/05/2023
ELOKENCE_AkinatorFree_Android_allDevices_banner_W_bs-320x53_Blue,4.65,1sne3gg,1sne3gg,320x50,10/05/2023
ELOKENCE_AkinatorFree_Android_allDevices_banner_W_bs-320x53_Blue,4.7,2hx1q8,2hx1q8,320x50,10/05/2023
ELOKENCE_AkinatorFree_Android_allDevices_banner_W_bs-320x53_Blue,4.75,1fbxl34,1fbxl34,320x50,10/05/2023
ELOKENCE_AkinatorFree_Android_allDevices_banner_W_bs-320x53_Blue,4.8,s0voxs,s0voxs,320x50,10/05/2023
ELOKENCE_AkinatorFree_Android_allDevices_banner_W_bs-320x53_Blue,4.85,1inspog,1inspog,320x50,10/05/2023
ELOKENCE_AkinatorFree_Android_allDevices_banner_W_bs-320x53_Blue,4.9,epf6kg,epf6kg,320x50,10/05/2023
ELOKENCE_AkinatorFree_Android_allDevices_banner_W_bs-320x53_Blue,4.95,15cc7b4,15cc7b4,320x50,10/05/2023
ELOKENCE_AkinatorFree_Android_allDevices_banner_W_bs-320x53_Blue,5.0,ld5fr4,ld5fr4,320x50,10/05/2023
ELOKENCE_AkinatorFree_Android_allDevices_banner_W_bs-320x53_Blue,5.05,1y75z40,1y75z40,320x50,10/05/2023
ELOKENCE_AkinatorFree_Android_allDevices_banner_W_bs-320x53_Blue,5.1,81oxds,81oxds,320x50,10/05/2023
ELOKENCE_AkinatorFree_Android_allDevices_banner_W_bs-320x53_Blue,5.15,195ombk,195ombk,320x50,10/05/2023
ELOKENCE_AkinatorFree_Android_allDevices_banner_W_bs-320x53_Blue,5.2,vu83y8,vu83y8,320x50,10/05/2023
ELOKENCE_AkinatorFree_Android_allDevices_banner_W_bs-320x53_Blue,5.25,1mh54ow,1mh54ow,320x50,10/05/2023
ELOKENCE_AkinatorFree_Android_allDevices_banner_W_bs-320x53_Blue,5.3,bv1ce8,bv1ce8,320x50,10/05/2023
ELOKENCE_AkinatorFree_Android_allDevices_banner_W_bs-320x53_Blue,5.35,12hyd4w,12hyd4w,320x50,10/05/2023
ELOKENCE_AkinatorFree_Android_allDevices_banner_W_bs-320x53_Blue,5.4,p6hurk,p6hurk,320x50,10/05/2023
ELOKENCE_AkinatorFree_Android_allDevices_banner_W_bs-320x53_Blue,5.45,1s0x0cg,1s0x0cg,320x50,10/05/2023
ELOKENCE_AkinatorFree_Android_allDevices_banner_W_bs-320x53_Blue,5.5,1vfym8,1vfym8,320x50,10/05/2023
ELOKENCE_AkinatorFree_Android_allDevices_banner_W_bs-320x53_Blue,5.55,1epghz4,1epghz4,320x50,10/05/2023
ELOKENCE_AkinatorFree_Android_allDevices_banner_W_bs-320x53_Blue,5.6,uq9qf4,uq9qf4,320x50,10/05/2023
ELOKENCE_AkinatorFree_Android_allDevices_banner_W_bs-320x53_Blue,5.65,1ld6r5s,1ld6r5s,320x50,10/05/2023
ELOKENCE_AkinatorFree_Android_allDevices_banner_W_bs-320x53_Blue,5.7,het81s,het81s,320x50,10/05/2023
ELOKENCE_AkinatorFree_Android_allDevices_banner_W_bs-320x53_Blue,5.75,181q8sg,181q8sg,320x50,10/05/2023
ELOKENCE_AkinatorFree_Android_allDevices_banner_W_bs-320x53_Blue,5.8,hysetc,hysetc,320x50,10/05/2023
ELOKENCE_AkinatorFree_Android_allDevices_banner_W_bs-320x53_Blue,5.85,1ussy68,1ussy68,320x50,10/05/2023
ELOKENCE_AkinatorFree_Android_allDevices_banner_W_bs-320x53_Blue,5.9,4nbwg0,4nbwg0,320x50,10/05/2023
ELOKENCE_AkinatorFree_Android_allDevices_banner_W_bs-320x53_Blue,5.95,1atm6m8,1atm6m8,320x50,10/05/2023
ELOKENCE_AkinatorFree_Android_allDevices_banner_W_bs-320x53_Blue,6.0,xi5o8w,xi5o8w,320x50,10/05/2023
ELOKENCE_AkinatorFree_Android_allDevices_banner_W_bs-320x53_Blue,6.05,1o52ozk,1o52ozk,320x50,10/05/2023
ELOKENCE_AkinatorFree_Android_allDevices_banner_W_bs-320x53_Blue,6.1,a73s3k,a73s3k,320x50,10/05/2023
ELOKENCE_AkinatorFree_Android_allDevices_banner_W_bs-320x53_Blue,6.15,10u0su8,10u0su8,320x50,10/05/2023
ELOKENCE_AkinatorFree_Android_allDevices_banner_W_bs-320x53_Blue,6.2,nikagw,nikagw,320x50,10/05/2023
ELOKENCE_AkinatorFree_Android_allDevices_banner_W_bs-320x53_Blue,6.25,1toukn4,1toukn4,320x50,10/05/2023
ELOKENCE_AkinatorFree_Android_allDevices_banner_W_bs-320x53_Blue,6.3,3jdiww,3jdiww,320x50,10/05/2023
ELOKENCE_AkinatorFree_Android_allDevices_banner_W_bs-320x53_Blue,6.35,1gde29s,1gde29s,320x50,10/05/2023
ELOKENCE_AkinatorFree_Android_allDevices_banner_W_bs-320x53_Blue,6.4,roe77k,roe77k,320x50,10/05/2023
ELOKENCE_AkinatorFree_Android_allDevices_banner_W_bs-320x53_Blue,6.45,1ibb7y8,1ibb7y8,320x50,10/05/2023
ELOKENCE_AkinatorFree_Android_allDevices_banner_W_bs-320x53_Blue,6.5,ecxou8,ecxou8,320x50,10/05/2023
ELOKENCE_AkinatorFree_Android_allDevices_banner_W_bs-320x53_Blue,6.55,14zupkw,14zupkw,320x50,10/05/2023
ELOKENCE_AkinatorFree_Android_allDevices_banner_W_bs-320x53_Blue,6.6,l0ny0w,l0ny0w,320x50,10/05/2023
ELOKENCE_AkinatorFree_Android_allDevices_banner_W_bs-320x53_Blue,6.65,1xuohds,1xuohds,320x50,10/05/2023
ELOKENCE_AkinatorFree_Android_allDevices_banner_W_bs-320x53_Blue,6.7,7p7fnk,7p7fnk,320x50,10/05/2023
ELOKENCE_AkinatorFree_Android_allDevices_banner_W_bs-320x53_Blue,6.75,1ajml8g,1ajml8g,320x50,10/05/2023
ELOKENCE_AkinatorFree_Android_allDevices_banner_W_bs-320x53_Blue,6.8,x862v4,x862v4,320x50,10/05/2023
ELOKENCE_AkinatorFree_Android_allDevices_banner_W_bs-320x53_Blue,6.85,1nv33ls,1nv33ls,320x50,10/05/2023
ELOKENCE_AkinatorFree_Android_allDevices_banner_W_bs-320x53_Blue,6.9,d8zbb4,d8zbb4,320x50,10/05/2023
ELOKENCE_AkinatorFree_Android_allDevices_banner_W_bs-320x53_Blue,6.95,13vwc1s,13vwc1s,320x50,10/05/2023
ELOKENCE_AkinatorFree_Android_allDevices_banner_W_bs-320x53_Blue,7.0,qkftog,qkftog,320x50,10/05/2023
ELOKENCE_AkinatorFree_Android_allDevices_banner_W_bs-320x53_Blue,7.05,1qmz1fk,1qmz1fk,320x50,10/05/2023
ELOKENCE_AkinatorFree_Android_allDevices_banner_W_bs-320x53_Blue,7.1,hhzpc,hhzpc,320x50,10/05/2023
ELOKENCE_AkinatorFree_Android_allDevices_banner_W_bs-320x53_Blue,7.15,1dbij28,1dbij28,320x50,10/05/2023
ELOKENCE_AkinatorFree_Android_allDevices_banner_W_bs-320x53_Blue,7.2,tcbri8,tcbri8,320x50,10/05/2023
ELOKENCE_AkinatorFree_Android_allDevices_banner_W_bs-320x53_Blue,7.25,1jz8s8w,1jz8s8w,320x50,10/05/2023
ELOKENCE_AkinatorFree_Android_allDevices_banner_W_bs-320x53_Blue,7.3,g0v94w,g0v94w,320x50,10/05/2023
ELOKENCE_AkinatorFree_Android_allDevices_banner_W_bs-320x53_Blue,7.35,16ns9vk,16ns9vk,320x50,10/05/2023
ELOKENCE_AkinatorFree_Android_allDevices_banner_W_bs-320x53_Blue,7.4,jcqdq8,jcqdq8,320x50,10/05/2023
ELOKENCE_AkinatorFree_Android_allDevices_banner_W_bs-320x53_Blue,7.45,1w6qx34,1w6qx34,320x50,10/05/2023
ELOKENCE_AkinatorFree_Android_allDevices_banner_W_bs-320x53_Blue,7.5,619vcw,619vcw,320x50,10/05/2023
ELOKENCE_AkinatorFree_Android_allDevices_banner_W_bs-320x53_Blue,7.55,1c7k5j4,1c7k5j4,320x50,10/05/2023
ELOKENCE_AkinatorFree_Android_allDevices_banner_W_bs-320x53_Blue,7.6,yw3n5s,yw3n5s,320x50,10/05/2023
ELOKENCE_AkinatorFree_Android_allDevices_banner_W_bs-320x53_Blue,7.65,1pj0nwg,1pj0nwg,320x50,10/05/2023
ELOKENCE_AkinatorFree_Android_allDevices_banner_W_bs-320x53_Blue,7.7,9i4sn4,9i4sn4,320x50,10/05/2023
ELOKENCE_AkinatorFree_Android_allDevices_banner_W_bs-320x53_Blue,7.75,1051tds,1051tds,320x50,10/05/2023
ELOKENCE_AkinatorFree_Android_allDevices_banner_W_bs-320x53_Blue,7.8,mtlb0g,mtlb0g,320x50,10/05/2023
ELOKENCE_AkinatorFree_Android_allDevices_banner_W_bs-320x53_Blue,7.85,1szvl6o,1szvl6o,320x50,10/05/2023
ELOKENCE_AkinatorFree_Android_allDevices_banner_W_bs-320x53_Blue,7.9,2uejgg,2uejgg,320x50,10/05/2023
ELOKENCE_AkinatorFree_Android_allDevices_banner_W_bs-320x53_Blue,7.95,1fof2tc,1fof2tc,320x50,10/05/2023
ELOKENCE_AkinatorFree_Android_allDevices_banner_W_bs-320x53_Blue,8.0,sdd6o0,sdd6o0,320x50,10/05/2023
ELOKENCE_AkinatorFree_Android_allDevices_banner_W_bs-320x53_Blue,8.5,b62cxs,b62cxs,320x50,10/05/2023
ELOKENCE_AkinatorFree_Android_allDevices_banner_W_bs-320x53_Blue,9.0,inre9s,inre9s,320x50,10/05/2023
ELOKENCE_AkinatorFree_Android_allDevices_banner_W_bs-320x53_Blue,9.5,48cidc,48cidc,320x50,10/05/2023
ELOKENCE_AkinatorFree_Android_allDevices_banner_W_bs-320x53_Blue,10.0,wj73eo,wj73eo,320x50,10/05/2023
ELOKENCE_AkinatorFree_Android_allDevices_banner_W_bs-320x53_Blue,10.5,g9lwcg,g9lwcg,320x50,10/05/2023
ELOKENCE_AkinatorFree_Android_allDevices_banner_W_bs-320x53_Blue,11.0,mdcyrk,mdcyrk,320x50,10/05/2023
ELOKENCE_AkinatorFree_Android_allDevices_banner_W_bs-320x53_Blue,11.5,7xy2v4,7xy2v4,320x50,10/05/2023
ELOKENCE_AkinatorFree_Android_allDevices_banner_W_bs-320x53_Blue,12.0,uz0dmo,uz0dmo,320x50,10/05/2023
ELOKENCE_AkinatorFree_Android_allDevices_banner_W_bs-320x53_Blue,12.5,afufb4,afufb4,320x50,10/05/2023
ELOKENCE_AkinatorFree_Android_allDevices_banner_W_bs-320x53_Blue,13.0,kkfls0,kkfls0,320x50,10/05/2023
ELOKENCE_AkinatorFree_Android_allDevices_banner_W_bs-320x53_Blue,13.5,19ngg,19ngg,320x50,10/05/2023
ELOKENCE_AkinatorFree_Android_allDevices_banner_W_bs-320x53_Blue,14.0,yfvaww,yfvaww,320x50,10/05/2023
ELOKENCE_AkinatorFree_Android_allDevices_banner_W_bs-320x53_Blue,14.5,fanbi8,fanbi8,320x50,10/05/2023
ELOKENCE_AkinatorFree_Android_allDevices_banner_W_bs-320x53_Blue,15.0,oq9iio,oq9iio,320x50,10/05/2023
ELOKENCE_AkinatorFree_Android_allDevices_banner_W_bs-320x53_Blue,15.5,58k1ds,58k1ds,320x50,10/05/2023
ELOKENCE_AkinatorFree_Android_allDevices_banner_W_bs-320x53_Blue,16.0,qvod8g,qvod8g,320x50,10/05/2023
ELOKENCE_AkinatorFree_Android_allDevices_banner_W_bs-320x53_Blue,16.5,cg9hc0,cg9hc0,320x50,10/05/2023
ELOKENCE_AkinatorFree_Android_allDevices_banner_W_bs-320x53_Blue,17.0,jxyio0,jxyio0,320x50,10/05/2023
ELOKENCE_AkinatorFree_Android_allDevices_banner_W_bs-320x53_Blue,17.5,2qnoxs,2qnoxs,320x50,10/05/2023
ELOKENCE_AkinatorFree_Android_allDevices_banner_W_bs-320x53_Blue,18.0,vqh9fk,vqh9fk,320x50,10/05/2023
ELOKENCE_AkinatorFree_Android_allDevices_banner_W_bs-320x53_Blue,18.5,hb2dj4,hb2dj4,320x50,10/05/2023
ELOKENCE_AkinatorFree_Android_allDevices_banner_W_bs-320x53_Blue,19.0,netfy8,netfy8,320x50,10/05/2023
ELOKENCE_AkinatorFree_Android_allDevices_banner_W_bs-320x53_Blue,19.5,7lgl4w,7lgl4w,320x50,10/05/2023
ELOKENCE_AkinatorFree_Android_allDevices_banner_W_bs-320x53_Blue,20.0,t8kwzk,t8kwzk,320x50,10/05/2023
ELOKENCE_AkinatorFree_Android_allDevices_banner_W_bs-320x53_Blue,21.0,lsraww,lsraww,320x50,10/05/2023
ELOKENCE_AkinatorFree_Android_allDevices_banner_W_bs-320x53_Blue,22.0,ya914w,ya914w,320x50,10/05/2023
ELOKENCE_AkinatorFree_Android_allDevices_banner_W_bs-320x53_Blue,23.0,pyl7nk,pyl7nk,320x50,10/05/2023
ELOKENCE_AkinatorFree_Android_allDevices_banner_W_bs-320x53_Blue,24.0,rrikn4,rrikn4,320x50,10/05/2023
ELOKENCE_AkinatorFree_Android_allDevices_banner_W_bs-320x53_Blue,25.0,i1ws8w,i1ws8w,320x50,10/05/2023
ELOKENCE_AkinatorFree_Android_allDevices_banner_W_bs-320x53_Blue,26.0,wysykg,wysykg,320x50,10/05/2023
ELOKENCE_AkinatorFree_Android_allDevices_banner_W_bs-320x53_Blue,27.0,n97668,n97668,320x50,10/05/2023
ELOKENCE_AkinatorFree_Android_allDevices_banner_W_bs-320x53_Blue,28.0,ugwm4g,ugwm4g,320x50,10/05/2023
ELOKENCE_AkinatorFree_Android_allDevices_banner_W_bs-320x53_Blue,29.0,k2bu9s,k2bu9s,320x50,10/05/2023
ELOKENCE_AkinatorFree_Android_allDevices_banner_W_bs-320x53_Blue,30.0,zbpibk,zbpibk,320x50,10/05/2023
ELOKENCE_AkinatorFree_Android_allDevices_banner_W_bs-320x53_Blue,31.0,p5vdog,p5vdog,320x50,10/05/2023
ELOKENCE_AkinatorFree_Android_allDevices_banner_W_bs-320x53_Blue,32.0,rnrq4g,rnrq4g,320x50,10/05/2023
ELOKENCE_AkinatorFree_Android_allDevices_banner_W_bs-320x53_Blue,33.0,jc3wn4,jc3wn4,320x50,10/05/2023
ELOKENCE_AkinatorFree_Android_allDevices_banner_W_bs-320x53_Blue,34.0,v4mneo,v4mneo,320x50,10/05/2023
ELOKENCE_AkinatorFree_Android_allDevices_banner_W_bs-320x53_Blue,35.0,o6wsu8,o6wsu8,320x50,10/05/2023
